Name,Version,Provider,Permission/Role,Required,Read Only
AKS Node Pools Without Autoscaling,3.0.2,azure_rm,Microsoft.ContainerService/managedClusters/read,true,true
AKS Node Pools Without Autoscaling,3.0.2,azure_rm,Microsoft.ContainerService/managedClusters/agentPools/read,true,true
AKS Node Pools Without Autoscaling,3.0.2,flexera,billing_center_viewer,true,true
AKS Node Pools Without Zero Autoscaling,3.1.2,azure_rm,Microsoft.ContainerService/managedClusters/read,true,true
AKS Node Pools Without Zero Autoscaling,3.1.2,azure_rm,Microsoft.ContainerService/managedClusters/agentPools/read,true,true
AKS Node Pools Without Zero Autoscaling,3.1.2,flexera,billing_center_viewer,true,true
AWS Account Credentials,0.1.4,aws,sts:GetCallerIdentity,true,true
AWS Account Credentials,0.1.4,flexera,billing_center_viewer,true,true
AWS Accounts Missing Service Control Policies,3.0.2,aws,organizations:ListPolicies,true,true
AWS Accounts Missing Service Control Policies,3.0.2,aws,organizations:ListAccounts,true,true
AWS Accounts Missing Service Control Policies,3.0.2,aws,organizations:ListPoliciesForTarget,true,true
AWS Accounts Missing Service Control Policies,3.0.2,flexera,billing_center_viewer,true,true
AWS Burstable EC2 Instances,4.4.0,aws,sts:GetCallerIdentity,true,true
AWS Burstable EC2 Instances,4.4.0,aws,cloudwatch:GetMetricData,true,true
AWS Burstable EC2 Instances,4.4.0,aws,cloudwatch:ListMetrics,true,true
AWS Burstable EC2 Instances,4.4.0,aws,ec2:DescribeRegions,true,true
AWS Burstable EC2 Instances,4.4.0,aws,ec2:DescribeInstances,true,true
AWS Burstable EC2 Instances,4.4.0,aws,ec2:DescribeTags,true,true
AWS Burstable EC2 Instances,4.4.0,aws,ec2:DescribeInstanceStatus,false,false
AWS Burstable EC2 Instances,4.4.0,aws,ec2:ModifyInstanceAttribute,false,false
AWS Burstable EC2 Instances,4.4.0,aws,ec2:StartInstances,false,false
AWS Burstable EC2 Instances,4.4.0,aws,ec2:StopInstances,false,false
AWS Burstable EC2 Instances,4.4.0,flexera,billing_center_viewer,true,true
AWS Cheaper Regions,1.0.1,flexera,billing_center_viewer,true,true
AWS CloudTrail Not Enabled In All Regions,3.0.2,aws,sts:GetCallerIdentity,true,true
AWS CloudTrail Not Enabled In All Regions,3.0.2,aws,cloudtrail:DescribeTrails,true,true
AWS CloudTrail Not Enabled In All Regions,3.0.2,aws,cloudtrail:GetTrailStatus,true,true
AWS CloudTrail Not Enabled In All Regions,3.0.2,aws,cloudtrail:GetEventSelectors,true,true
AWS CloudTrail Not Enabled In All Regions,3.0.2,flexera,billing_center_viewer,true,true
AWS CloudTrail S3 Buckets Without Access Logging,3.0.2,aws,sts:GetCallerIdentity,true,true
AWS CloudTrail S3 Buckets Without Access Logging,3.0.2,aws,cloudtrail:DescribeTrails,true,true
AWS CloudTrail S3 Buckets Without Access Logging,3.0.2,aws,s3:GetBucketLocation,true,true
AWS CloudTrail S3 Buckets Without Access Logging,3.0.2,aws,s3:GetBucketLogging,true,true
AWS CloudTrail S3 Buckets Without Access Logging,3.0.2,flexera,billing_center_viewer,true,true
AWS CloudTrails Not Integrated With CloudWatch,3.0.2,aws,sts:GetCallerIdentity,true,true
AWS CloudTrails Not Integrated With CloudWatch,3.0.2,aws,cloudtrail:DescribeTrails,true,true
AWS CloudTrails Not Integrated With CloudWatch,3.0.2,aws,cloudtrail:GetTrailStatus,true,true
AWS CloudTrails Not Integrated With CloudWatch,3.0.2,flexera,billing_center_viewer,true,true
AWS CloudTrails With Read Logging Enabled,0.1.2,aws,sts:GetCallerIdentity,true,true
AWS CloudTrails With Read Logging Enabled,0.1.2,aws,cloudtrail:DescribeTrails,true,true
AWS CloudTrails With Read Logging Enabled,0.1.2,aws,cloudtrail:GetEventSelectors,true,true
AWS CloudTrails With Read Logging Enabled,0.1.2,aws,cloudtrail:PutEventSelectors,false,false
AWS CloudTrails With Read Logging Enabled,0.1.2,flexera,billing_center_viewer,true,true
AWS CloudTrails Without Encrypted Logs,3.0.2,aws,sts:GetCallerIdentity,true,true
AWS CloudTrails Without Encrypted Logs,3.0.2,aws,cloudtrail:DescribeTrails,true,true
AWS CloudTrails Without Encrypted Logs,3.0.2,flexera,billing_center_viewer,true,true
AWS CloudTrails Without Log File Validation Enabled,3.0.3,aws,sts:GetCallerIdentity,true,true
AWS CloudTrails Without Log File Validation Enabled,3.0.3,aws,cloudtrail:DescribeTrails,true,true
AWS CloudTrails Without Log File Validation Enabled,3.0.3,flexera,billing_center_viewer,true,true
AWS CloudTrails Without Object-level Events Logging Enabled,3.0.2,aws,sts:GetCallerIdentity,true,true
AWS CloudTrails Without Object-level Events Logging Enabled,3.0.2,aws,cloudtrail:DescribeTrails,true,true
AWS CloudTrails Without Object-level Events Logging Enabled,3.0.2,aws,cloudtrail:GetEventSelectors,true,true
AWS CloudTrails Without Object-level Events Logging Enabled,3.0.2,flexera,billing_center_viewer,true,true
AWS Cost Report - EC2 Instance Cost Per Hour,0.2.0,flexera,billing_center_viewer,true,true
AWS Customer Managed Keys (CMKs) Without Rotation Enabled,3.0.2,aws,sts:GetCallerIdentity,true,true
AWS Customer Managed Keys (CMKs) Without Rotation Enabled,3.0.2,aws,ec2:DescribeRegions,true,true
AWS Customer Managed Keys (CMKs) Without Rotation Enabled,3.0.2,aws,kms:ListKeys,true,true
AWS Customer Managed Keys (CMKs) Without Rotation Enabled,3.0.2,aws,kms:GetKeyRotationStatus,true,true
AWS Customer Managed Keys (CMKs) Without Rotation Enabled,3.0.2,flexera,billing_center_viewer,true,true
AWS Disallowed Regions,5.0.2,aws,sts:GetCallerIdentity,true,true
AWS Disallowed Regions,5.0.2,aws,ec2:DescribeRegions,true,true
AWS Disallowed Regions,5.0.2,aws,ec2:DescribeInstances,true,true
AWS Disallowed Regions,5.0.2,aws,ec2:StopInstances,false,false
AWS Disallowed Regions,5.0.2,aws,ec2:TerminateInstances,false,false
AWS Disallowed Regions,5.0.2,flexera,billing_center_viewer,true,true
AWS EC2 Compute Optimizer Recommendations,0.3.2,aws,sts:GetCallerIdentity,true,true
AWS EC2 Compute Optimizer Recommendations,0.3.2,aws,compute-optimizer:GetEC2InstanceRecommendations,true,true
AWS EC2 Compute Optimizer Recommendations,0.3.2,aws,ec2:DescribeRegions,true,true
AWS EC2 Compute Optimizer Recommendations,0.3.2,aws,ec2:DescribeInstances,true,true
AWS EC2 Compute Optimizer Recommendations,0.3.2,aws,ec2:ModifyInstanceAttribute,false,false
AWS EC2 Compute Optimizer Recommendations,0.3.2,aws,ec2:StartInstances,false,false
AWS EC2 Compute Optimizer Recommendations,0.3.2,aws,ec2:StopInstances,false,false
AWS EC2 Compute Optimizer Recommendations,0.3.2,flexera,billing_center_viewer,true,true
AWS EC2 Instances Time Stopped Report,0.2.2,aws,ec2:DescribeRegions,true,true
AWS EC2 Instances Time Stopped Report,0.2.2,aws,ec2:DescribeInstances,true,true
AWS EC2 Instances Time Stopped Report,0.2.2,aws,ec2:DescribeInstanceStatus,false,false
AWS EC2 Instances Time Stopped Report,0.2.2,aws,ec2:StopInstances,false,false
AWS EC2 Instances Time Stopped Report,0.2.2,aws,ec2:TerminateInstances,false,false
AWS EC2 Instances Time Stopped Report,0.2.2,aws,sts:GetCallerIdentity,true,true
AWS EC2 Instances Time Stopped Report,0.2.2,flexera,billing_center_viewer,true,true
AWS EC2 Instances not running FlexNet Inventory Agent,4.3.3,aws,ec2:DescribeRegions,true,true
AWS EC2 Instances not running FlexNet Inventory Agent,4.3.3,aws,ec2:DescribeInstances,true,true
AWS EKS Clusters Without Spot Instances,0.1.2,aws,sts:GetCallerIdentity,true,true
AWS EKS Clusters Without Spot Instances,0.1.2,aws,ec2:DescribeRegions,true,true
AWS EKS Clusters Without Spot Instances,0.1.2,aws,eks:ListClusters,true,true
AWS EKS Clusters Without Spot Instances,0.1.2,aws,eks:ListNodegroups,true,true
AWS EKS Clusters Without Spot Instances,0.1.2,aws,eks:DescribeCluster,true,true
AWS EKS Clusters Without Spot Instances,0.1.2,aws,eks:DescribeNodegroup,true,true
AWS EKS Clusters Without Spot Instances,0.1.2,flexera,billing_center_viewer,true,true
AWS Elastic Load Balancers With Unencrypted Listeners,4.0.2,aws,sts:GetCallerIdentity,true,true
AWS Elastic Load Balancers With Unencrypted Listeners,4.0.2,aws,ec2:DescribeRegions,true,true
AWS Elastic Load Balancers With Unencrypted Listeners,4.0.2,aws,elasticloadbalancing:DescribeLoadBalancers,true,true
AWS Elastic Load Balancers With Unencrypted Listeners,4.0.2,aws,elasticloadbalancing:DescribeTags,true,true
AWS Elastic Load Balancers With Unencrypted Listeners,4.0.2,aws,elasticloadbalancing:DescribeListeners,true,true
AWS Elastic Load Balancers With Unencrypted Listeners,4.0.2,flexera,billing_center_viewer,true,true
AWS Expiring Reserved Instances,3.0.1,flexera,billing_center_viewer,true,true
AWS Expiring Savings Plans,3.0.1,aws,savingsplans:DescribeSavingsPlans,true,true
AWS Expiring Savings Plans,3.0.1,flexera,billing_center_viewer,true,true
AWS GP3 Upgradeable Volumes,4.4.5,aws,ec2:DescribeVolumes,true,true
AWS GP3 Upgradeable Volumes,4.4.5,aws,ec2:DescribeRegions,true,true
AWS GP3 Upgradeable Volumes,4.4.5,aws,pricing:GetProducts,true,true
AWS GP3 Upgradeable Volumes,4.4.5,flexera,billing_center_viewer,true,true
AWS IAM Account Missing Support Role,3.0.3,aws,sts:GetCallerIdentity,true,true
AWS IAM Account Missing Support Role,3.0.3,aws,iam:ListPolicies,true,true
AWS IAM Account Missing Support Role,3.0.3,aws,iam:ListEntitiesForPolicy,true,true
AWS IAM Account Missing Support Role,3.0.3,flexera,billing_center_viewer,true,true
AWS IAM Attached Admin Policies,3.0.3,aws,sts:GetCallerIdentity,true,true
AWS IAM Attached Admin Policies,3.0.3,aws,iam:ListPolicies,true,true
AWS IAM Attached Admin Policies,3.0.3,aws,iam:GetPolicyVersion,true,true
AWS IAM Attached Admin Policies,3.0.3,flexera,billing_center_viewer,true,true
AWS IAM Expired SSL/TLS Certificates,3.0.3,aws,sts:GetCallerIdentity,true,true
AWS IAM Expired SSL/TLS Certificates,3.0.3,aws,iam:ListServerCertificates,true,true
AWS IAM Expired SSL/TLS Certificates,3.0.3,flexera,billing_center_viewer,true,true
AWS IAM Insufficient Required Password Length,3.0.3,aws,sts:GetCallerIdentity,true,true
AWS IAM Insufficient Required Password Length,3.0.3,aws,iam:GetAccountPasswordPolicy,true,true
AWS IAM Insufficient Required Password Length,3.0.3,flexera,billing_center_viewer,true,true
AWS IAM Password Policy Not Restricting Password Reuse,3.0.3,aws,sts:GetCallerIdentity,true,true
AWS IAM Password Policy Not Restricting Password Reuse,3.0.3,aws,iam:GetAccountPasswordPolicy,true,true
AWS IAM Password Policy Not Restricting Password Reuse,3.0.3,flexera,billing_center_viewer,true,true
AWS IAM Role Audit,3.0.4,aws,sts:GetCallerIdentity,true,true
AWS IAM Role Audit,3.0.4,aws,iam:ListRoles,true,true
AWS IAM Role Audit,3.0.4,aws,iam:ListRoleTags,true,true
AWS IAM Role Audit,3.0.4,flexera,billing_center_viewer,true,true
AWS IAM Root Account Access Keys,3.0.3,aws,sts:GetCallerIdentity,true,true
AWS IAM Root Account Access Keys,3.0.3,aws,iam:GetAccountSummary,true,true
AWS IAM Root Account Access Keys,3.0.3,flexera,billing_center_viewer,true,true
AWS IAM Root User Account Without Hardware MFA,3.0.3,aws,sts:GetCallerIdentity,true,true
AWS IAM Root User Account Without Hardware MFA,3.0.3,aws,iam:GetAccountSummary,true,true
AWS IAM Root User Account Without Hardware MFA,3.0.3,aws,iam:ListVirtualMFADevices,true,true
AWS IAM Root User Account Without Hardware MFA,3.0.3,flexera,billing_center_viewer,true,true
AWS IAM Root User Account Without MFA,3.0.3,aws,sts:GetCallerIdentity,true,true
AWS IAM Root User Account Without MFA,3.0.3,aws,iam:GetAccountSummary,true,true
AWS IAM Root User Account Without MFA,3.0.3,aws,iam:ListVirtualMFADevices,true,true
AWS IAM Root User Account Without MFA,3.0.3,flexera,billing_center_viewer,true,true
AWS IAM Root User Doing Everyday Tasks,3.0.3,aws,sts:GetCallerIdentity,true,true
AWS IAM Root User Doing Everyday Tasks,3.0.3,aws,iam:GenerateCredentialReport,true,true
AWS IAM Root User Doing Everyday Tasks,3.0.3,aws,iam:GetCredentialReport,true,true
AWS IAM Root User Doing Everyday Tasks,3.0.3,flexera,billing_center_viewer,true,true
AWS IAM User Accounts Without MFA,3.0.3,aws,sts:GetCallerIdentity,true,true
AWS IAM User Accounts Without MFA,3.0.3,aws,iam:GenerateCredentialReport,true,true
AWS IAM User Accounts Without MFA,3.0.3,aws,iam:GetCredentialReport,true,true
AWS IAM User Accounts Without MFA,3.0.3,flexera,billing_center_viewer,true,true
AWS IAM Users With Directly-Attached Policies,3.0.3,aws,sts:GetCallerIdentity,true,true
AWS IAM Users With Directly-Attached Policies,3.0.3,aws,iam:ListUsers,true,true
AWS IAM Users With Directly-Attached Policies,3.0.3,aws,iam:ListUserPolicies,true,true
AWS IAM Users With Directly-Attached Policies,3.0.3,aws,iam:ListAttachedUserPolicies,true,true
AWS IAM Users With Directly-Attached Policies,3.0.3,flexera,billing_center_viewer,true,true
AWS IAM Users With Multiple Active Access Keys,3.0.3,aws,sts:GetCallerIdentity,true,true
AWS IAM Users With Multiple Active Access Keys,3.0.3,aws,iam:ListUsers,true,true
AWS IAM Users With Multiple Active Access Keys,3.0.3,aws,iam:ListAccessKeys,true,true
AWS IAM Users With Multiple Active Access Keys,3.0.3,flexera,billing_center_viewer,true,true
AWS IAM Users With Old Access Keys,3.0.3,aws,sts:GetCallerIdentity,true,true
AWS IAM Users With Old Access Keys,3.0.3,aws,iam:GenerateCredentialReport,true,true
AWS IAM Users With Old Access Keys,3.0.3,aws,iam:GetCredentialReport,true,true
AWS IAM Users With Old Access Keys,3.0.3,flexera,billing_center_viewer,true,true
AWS Idle Compute Instances,5.6.5,aws,ec2:DescribeRegions,true,true
AWS Idle Compute Instances,5.6.5,aws,ec2:DescribeInstances,true,true
AWS Idle Compute Instances,5.6.5,aws,ec2:DescribeTags,true,true
AWS Idle Compute Instances,5.6.5,aws,cloudwatch:GetMetricStatistics,true,true
AWS Idle Compute Instances,5.6.5,aws,cloudwatch:GetMetricData,true,true
AWS Idle Compute Instances,5.6.5,aws,cloudwatch:ListMetrics,true,true
AWS Idle Compute Instances,5.6.5,flexera,billing_center_viewer,true,true
AWS Idle NAT Gateways,0.1.3,aws,ec2:DescribeRegions,true,true
AWS Idle NAT Gateways,0.1.3,aws,ec2:DescribeNatGateways,true,true
AWS Idle NAT Gateways,0.1.3,aws,ec2:DeleteNatGateway,false,false
AWS Idle NAT Gateways,0.1.3,aws,sts:GetCallerIdentity,true,true
AWS Idle NAT Gateways,0.1.3,flexera,billing_center_viewer,true,true
AWS Internet-Accessible Elastic Load Balancers,4.0.2,aws,sts:GetCallerIdentity,true,true
AWS Internet-Accessible Elastic Load Balancers,4.0.2,aws,ec2:DescribeRegions,true,true
AWS Internet-Accessible Elastic Load Balancers,4.0.2,aws,elasticloadbalancing:DescribeLoadBalancers,true,true
AWS Internet-Accessible Elastic Load Balancers,4.0.2,aws,elasticloadbalancing:DescribeTags,true,true
AWS Internet-Accessible Elastic Load Balancers,4.0.2,aws,elasticloadbalancing:DescribeListeners,true,true
AWS Internet-Accessible Elastic Load Balancers,4.0.2,aws,elasticloadbalancing:DeleteLoadBalancer,false,false
AWS Internet-Accessible Elastic Load Balancers,4.0.2,flexera,billing_center_viewer,true,true
AWS Lambda Functions With High Error Rate,5.0.2,aws,sts:GetCallerIdentity,true,true
AWS Lambda Functions With High Error Rate,5.0.2,aws,ec2:DescribeRegions,true,true
AWS Lambda Functions With High Error Rate,5.0.2,aws,lambda:ListFunctions,true,true
AWS Lambda Functions With High Error Rate,5.0.2,aws,lambda:ListTags,true,true
AWS Lambda Functions With High Error Rate,5.0.2,aws,cloudwatch:ListMetrics,true,true
AWS Lambda Functions With High Error Rate,5.0.2,aws,cloudwatch:GetMetricData,true,true
AWS Lambda Functions With High Error Rate,5.0.2,flexera,billing_center_viewer,true,true
AWS Lambda Functions Without Provisioned Concurrency,0.1.2,aws,sts:GetCallerIdentity,true,true
AWS Lambda Functions Without Provisioned Concurrency,0.1.2,aws,ec2:DescribeRegions,true,true
AWS Lambda Functions Without Provisioned Concurrency,0.1.2,aws,lambda:ListFunctions,true,true
AWS Lambda Functions Without Provisioned Concurrency,0.1.2,aws,lambda:ListTags,true,true
AWS Lambda Functions Without Provisioned Concurrency,0.1.2,aws,lambda:ListProvisionedConcurrencyConfigs,true,true
AWS Lambda Functions Without Provisioned Concurrency,0.1.2,aws,lambda:ListVersionsByFunction,true,true
AWS Lambda Functions Without Provisioned Concurrency,0.1.2,flexera,billing_center_viewer,true,true
AWS Long Running Instances,5.1.2,aws,ec2:DescribeRegions,true,true
AWS Long Running Instances,5.1.2,aws,ec2:DescribeInstances,true,true
AWS Long Running Instances,5.1.2,aws,ec2:DescribeInstanceStatus,false,false
AWS Long Running Instances,5.1.2,aws,ec2:StopInstances,false,false
AWS Long Running Instances,5.1.2,aws,ec2:TerminateInstances,false,false
AWS Long Running Instances,5.1.2,aws,sts:GetCallerIdentity,true,true
AWS Long Running Instances,5.1.2,flexera,billing_center_viewer,true,true
AWS Long Stopped EC2 Instances,6.0.2,aws,ec2:DescribeRegions,true,true
AWS Long Stopped EC2 Instances,6.0.2,aws,ec2:DescribeInstances,true,true
AWS Long Stopped EC2 Instances,6.0.2,aws,ec2:DescribeInstanceStatus,false,false
AWS Long Stopped EC2 Instances,6.0.2,aws,ec2:TerminateInstances,false,false
AWS Long Stopped EC2 Instances,6.0.2,aws,cloudwatch:GetMetricStatistics,true,true
AWS Long Stopped EC2 Instances,6.0.2,aws,cloudwatch:GetMetricData,true,true
AWS Long Stopped EC2 Instances,6.0.2,aws,cloudwatch:ListMetrics,true,true
AWS Long Stopped EC2 Instances,6.0.2,aws,sts:GetCallerIdentity,true,true
AWS Long Stopped EC2 Instances,6.0.2,flexera,billing_center_viewer,true,true
AWS Missing Regions,0.2.2,aws,ec2:DescribeRegions,true,true
AWS Missing Regions,0.2.2,aws,ec2:DescribeInstances,true,true
AWS Missing Regions,0.2.2,aws,sts:GetCallerIdentity,true,true
AWS Missing Regions,0.2.2,flexera,billing_center_viewer,true,true
AWS New Marketplace Products,0.3.4,flexera,billing_center_viewer,true,true
AWS Object Storage Optimization,4.0.4,aws,sts:GetCallerIdentity,true,true
AWS Object Storage Optimization,4.0.4,aws,s3:ListAllMyBuckets,true,true
AWS Object Storage Optimization,4.0.4,aws,s3:GetBucketLocation,true,true
AWS Object Storage Optimization,4.0.4,aws,s3:ListBucket,true,true
AWS Object Storage Optimization,4.0.4,aws,s3:GetObject,true,true
AWS Object Storage Optimization,4.0.4,aws,s3:GetObjectTagging,true,true
AWS Object Storage Optimization,4.0.4,aws,s3:PutObject,false,false
AWS Object Storage Optimization,4.0.4,aws,s3:DeleteObject,false,false
AWS Object Storage Optimization,4.0.4,flexera,billing_center_viewer,true,true
AWS Old Snapshots,8.4.4,aws,ec2:DescribeRegions,true,true
AWS Old Snapshots,8.4.4,aws,ec2:DescribeImages,true,true
AWS Old Snapshots,8.4.4,aws,ec2:DescribeSnapshots,true,true
AWS Old Snapshots,8.4.4,aws,ec2:DeregisterImage,false,false
AWS Old Snapshots,8.4.4,aws,ec2:DeleteSnapshot,false,false
AWS Old Snapshots,8.4.4,aws,rds:DescribeDBInstances,true,true
AWS Old Snapshots,8.4.4,aws,rds:DescribeDBSnapshots,true,true
AWS Old Snapshots,8.4.4,aws,rds:DescribeDBClusters,true,true
AWS Old Snapshots,8.4.4,aws,rds:DescribeDBClusterSnapshots,true,true
AWS Old Snapshots,8.4.4,aws,rds:DeleteDBClusterSnapshot,false,false
AWS Old Snapshots,8.4.4,aws,rds:DeleteDBSnapshot,false,false
AWS Old Snapshots,8.4.4,aws,sts:GetCallerIdentity,true,true
AWS Old Snapshots,8.4.4,aws,cloudtrail:LookupEvents,true,true
AWS Old Snapshots,8.4.4,flexera,billing_center_viewer,true,true
AWS Open S3 Buckets,3.1.2,aws,s3:ListAllMyBuckets,true,true
AWS Open S3 Buckets,3.1.2,aws,s3:GetBucketLocation,true,true
AWS Open S3 Buckets,3.1.2,aws,s3:GetBucketAcl,true,true
AWS Open S3 Buckets,3.1.2,aws,sts:GetCallerIdentity,true,true
AWS Open S3 Buckets,3.1.2,flexera,billing_center_viewer,true,true
AWS Oversized S3 Buckets,3.1.2,aws,s3:ListAllMyBuckets,true,true
AWS Oversized S3 Buckets,3.1.2,aws,s3:GetBucketLocation,true,true
AWS Oversized S3 Buckets,3.1.2,aws,s3:GetBucketTagging,true,true
AWS Oversized S3 Buckets,3.1.2,aws,cloudwatch:ListMetrics,true,true
AWS Oversized S3 Buckets,3.1.2,aws,cloudwatch:GetMetricData,true,true
AWS Oversized S3 Buckets,3.1.2,aws,sts:GetCallerIdentity,true,true
AWS Oversized S3 Buckets,3.1.2,flexera,billing_center_viewer,true,true
AWS Overutilized EC2 Instances,0.1.0,aws,ec2:DescribeRegions,true,true
AWS Overutilized EC2 Instances,0.1.0,aws,ec2:DescribeInstances,true,true
AWS Overutilized EC2 Instances,0.1.0,aws,ec2:DescribeInstanceStatus,false,false
AWS Overutilized EC2 Instances,0.1.0,aws,ec2:DescribeTags,true,true
AWS Overutilized EC2 Instances,0.1.0,aws,ec2:ModifyInstanceAttribute,false,false
AWS Overutilized EC2 Instances,0.1.0,aws,ec2:StartInstances,false,false
AWS Overutilized EC2 Instances,0.1.0,aws,ec2:StopInstances,false,false
AWS Overutilized EC2 Instances,0.1.0,aws,cloudwatch:GetMetricStatistics,true,true
AWS Overutilized EC2 Instances,0.1.0,aws,cloudwatch:GetMetricData,true,true
AWS Overutilized EC2 Instances,0.1.0,aws,cloudwatch:ListMetrics,true,true
AWS Overutilized EC2 Instances,0.1.0,aws,sts:GetCallerIdentity,true,true
AWS Overutilized EC2 Instances,0.1.0,flexera,billing_center_viewer,true,true
AWS Publicly Accessible CloudTrail S3 Buckets,3.0.2,aws,sts:GetCallerIdentity,true,true
AWS Publicly Accessible CloudTrail S3 Buckets,3.0.2,aws,cloudtrail:DescribeTrails,true,true
AWS Publicly Accessible CloudTrail S3 Buckets,3.0.2,aws,s3:GetBucketLocation,true,true
AWS Publicly Accessible CloudTrail S3 Buckets,3.0.2,aws,s3:GetBucketAcl,true,true
AWS Publicly Accessible CloudTrail S3 Buckets,3.0.2,aws,s3:GetBucketPolicy,true,true
AWS Publicly Accessible CloudTrail S3 Buckets,3.0.2,flexera,billing_center_viewer,true,true
AWS Publicly Accessible RDS Instances,5.1.0,aws,sts:GetCallerIdentity,true,true
AWS Publicly Accessible RDS Instances,5.1.0,aws,ec2:DescribeRegions,true,true
AWS Publicly Accessible RDS Instances,5.1.0,aws,rds:DescribeDBInstances,true,true
AWS Publicly Accessible RDS Instances,5.1.0,aws,rds:ListTagsForResource,true,true
AWS Publicly Accessible RDS Instances,5.1.0,aws,rds:ModifyDBInstance,false,false
AWS Publicly Accessible RDS Instances,5.1.0,aws,rds:DeleteDBInstance,false,false
AWS Publicly Accessible RDS Instances,5.1.0,flexera,billing_center_viewer,true,true
AWS RDS Instances,4.2.5,aws,ec2:DescribeRegions,true,true
AWS RDS Instances,4.2.5,aws,rds:DescribeDBInstances,true,true
AWS RDS Instances,4.2.5,aws,sts:GetCallerIdentity,true,true
AWS RDS Instances,4.2.5,flexera,billing_center_viewer,true,true
AWS RDS Instances With Unapproved Backup Settings,3.0.2,aws,sts:GetCallerIdentity,true,true
AWS RDS Instances With Unapproved Backup Settings,3.0.2,aws,ec2:DescribeRegions,true,true
AWS RDS Instances With Unapproved Backup Settings,3.0.2,aws,rds:DescribeDBInstances,true,true
AWS RDS Instances With Unapproved Backup Settings,3.0.2,aws,rds:ListTagsForResource,true,true
AWS RDS Instances With Unapproved Backup Settings,3.0.2,flexera,billing_center_viewer,true,true
AWS Regions Without Access Analyzer Enabled,4.0.3,aws,sts:GetCallerIdentity,true,true
AWS Regions Without Access Analyzer Enabled,4.0.3,aws,ec2:DescribeRegions,true,true
AWS Regions Without Access Analyzer Enabled,4.0.3,aws,access-analyzer:ListAnalyzers,true,true
AWS Regions Without Access Analyzer Enabled,4.0.3,flexera,billing_center_viewer,true,true
AWS Regions Without Config Fully Enabled,3.0.2,aws,sts:GetCallerIdentity,true,true
AWS Regions Without Config Fully Enabled,3.0.2,aws,ec2:DescribeRegions,true,true
AWS Regions Without Config Fully Enabled,3.0.2,aws,config:DescribeConfigurationRecorderStatus,true,true
AWS Regions Without Config Fully Enabled,3.0.2,flexera,billing_center_viewer,true,true
AWS Regions Without Default EBS Encryption,4.0.1,aws,sts:GetCallerIdentity,true,true
AWS Regions Without Default EBS Encryption,4.0.1,aws,ec2:DescribeRegions,true,true
AWS Regions Without Default EBS Encryption,4.0.1,aws,ec2:GetEbsEncryptionByDefault,true,true
AWS Regions Without Default EBS Encryption,4.0.1,flexera,billing_center_viewer,true,true
AWS Reserved Instances Coverage,3.0.1,aws,ce:GetReservationCoverage,true,true
AWS Reserved Instances Coverage,3.0.1,flexera,billing_center_viewer,true,true
AWS Reserved Instances Recommendations,3.6.3,aws,ce:GetReservationPurchaseRecommendation,true,true
AWS Reserved Instances Recommendations,3.6.3,flexera,billing_center_viewer,true,true
AWS Reserved Instances Utilization,3.0.1,flexera,billing_center_viewer,true,true
AWS Resources Under Extended Support,0.2.3,flexera,billing_center_viewer,true,true
AWS Rightsize EBS Volumes,0.3.4,aws,ec2:DescribeRegions,true,true
AWS Rightsize EBS Volumes,0.3.4,aws,ec2:DescribeVolumes,true,true
AWS Rightsize EBS Volumes,0.3.4,aws,ec2:ModifyVolume,false,false
AWS Rightsize EBS Volumes,0.3.4,aws,pricing:GetProducts,true,true
AWS Rightsize EBS Volumes,0.3.4,flexera,billing_center_viewer,true,true
AWS Rightsize EC2 Instances,5.3.2,aws,ec2:DescribeRegions,true,true
AWS Rightsize EC2 Instances,5.3.2,aws,ec2:DescribeInstances,true,true
AWS Rightsize EC2 Instances,5.3.2,aws,ec2:DescribeInstanceStatus,false,false
AWS Rightsize EC2 Instances,5.3.2,aws,ec2:DescribeTags,true,true
AWS Rightsize EC2 Instances,5.3.2,aws,ec2:ModifyInstanceAttribute,false,false
AWS Rightsize EC2 Instances,5.3.2,aws,ec2:StartInstances,false,false
AWS Rightsize EC2 Instances,5.3.2,aws,ec2:StopInstances,false,false
AWS Rightsize EC2 Instances,5.3.2,aws,ec2:TerminateInstances,false,false
AWS Rightsize EC2 Instances,5.3.2,aws,cloudwatch:GetMetricStatistics,true,true
AWS Rightsize EC2 Instances,5.3.2,aws,cloudwatch:GetMetricData,true,true
AWS Rightsize EC2 Instances,5.3.2,aws,cloudwatch:ListMetrics,true,true
AWS Rightsize EC2 Instances,5.3.2,aws,sts:GetCallerIdentity,true,true
AWS Rightsize EC2 Instances,5.3.2,flexera,billing_center_viewer,true,true
AWS Rightsize ElastiCache,0.3.0,aws,sts:GetCallerIdentity,true,true
AWS Rightsize ElastiCache,0.3.0,aws,cloudwatch:GetMetricData,true,true
AWS Rightsize ElastiCache,0.3.0,aws,ec2:DescribeRegions,true,true
AWS Rightsize ElastiCache,0.3.0,aws,elasticache:DescribeCacheClusters,true,true
AWS Rightsize ElastiCache,0.3.0,aws,elasticache:ListTagsForResource,true,true
AWS Rightsize ElastiCache,0.3.0,aws,elasticache:ModifyCacheCluster,false,false
AWS Rightsize ElastiCache,0.3.0,flexera,billing_center_viewer,true,true
AWS Rightsize RDS Instances,5.7.0,aws,sts:GetCallerIdentity,true,true
AWS Rightsize RDS Instances,5.7.0,aws,cloudwatch:GetMetricStatistics,true,true
AWS Rightsize RDS Instances,5.7.0,aws,cloudwatch:GetMetricData,true,true
AWS Rightsize RDS Instances,5.7.0,aws,ec2:DescribeRegions,true,true
AWS Rightsize RDS Instances,5.7.0,aws,rds:DescribeDBInstances,true,true
AWS Rightsize RDS Instances,5.7.0,aws,rds:ListTagsForResource,true,true
AWS Rightsize RDS Instances,5.7.0,aws,rds:DescribeOrderableDBInstanceOptions,true,true
AWS Rightsize RDS Instances,5.7.0,aws,rds:ModifyDBInstance,false,false
AWS Rightsize RDS Instances,5.7.0,aws,rds:DeleteDBInstance,false,false
AWS Rightsize RDS Instances,5.7.0,flexera,billing_center_viewer,true,true
AWS Rightsize Redshift,0.1.3,aws,sts:GetCallerIdentity,true,true
AWS Rightsize Redshift,0.1.3,aws,cloudwatch:GetMetricData,true,true
AWS Rightsize Redshift,0.1.3,aws,ec2:DescribeRegions,true,true
AWS Rightsize Redshift,0.1.3,aws,redshift:DescribeClusters,true,true
AWS Rightsize Redshift,0.1.3,aws,redshift:ModifyCluster,false,false
AWS Rightsize Redshift,0.1.3,flexera,billing_center_viewer,true,true
AWS Rule-Based Dimension From Account Tags,3.0.0,flexera,observer,true,true
AWS Rule-Based Dimension From Account Tags,3.0.0,flexera,billing_center_viewer,true,true
AWS Rule-Based Dimension From Account Tags,3.0.0,flexera,rule_based_dimensions_manager,true,true
AWS S3 Buckets Accepting HTTP Requests,3.0.2,aws,sts:GetCallerIdentity,true,true
AWS S3 Buckets Accepting HTTP Requests,3.0.2,aws,s3:ListAllMyBuckets,true,true
AWS S3 Buckets Accepting HTTP Requests,3.0.2,aws,s3:GetBucketLocation,true,true
AWS S3 Buckets Accepting HTTP Requests,3.0.2,aws,s3:GetBucketTagging,true,true
AWS S3 Buckets Accepting HTTP Requests,3.0.2,aws,s3:GetBucketPolicy,true,true
AWS S3 Buckets Accepting HTTP Requests,3.0.2,flexera,billing_center_viewer,true,true
AWS S3 Buckets Without Default Encryption Configuration,3.0.2,aws,sts:GetCallerIdentity,true,true
AWS S3 Buckets Without Default Encryption Configuration,3.0.2,aws,s3:ListAllMyBuckets,true,true
AWS S3 Buckets Without Default Encryption Configuration,3.0.2,aws,s3:GetBucketLocation,true,true
AWS S3 Buckets Without Default Encryption Configuration,3.0.2,aws,s3:GetBucketTagging,true,true
AWS S3 Buckets Without Default Encryption Configuration,3.0.2,aws,s3:GetEncryptionConfiguration,true,true
AWS S3 Buckets Without Default Encryption Configuration,3.0.2,aws,s3:PutEncryptionConfiguration,false,false
AWS S3 Buckets Without Default Encryption Configuration,3.0.2,aws,s3:DeleteBucket,false,false
AWS S3 Buckets Without Default Encryption Configuration,3.0.2,flexera,billing_center_viewer,true,true
AWS S3 Buckets Without Intelligent Tiering,4.0.2,aws,s3:ListAllMyBuckets,true,true
AWS S3 Buckets Without Intelligent Tiering,4.0.2,aws,s3:GetBucketLocation,true,true
AWS S3 Buckets Without Intelligent Tiering,4.0.2,aws,s3:GetBucketTagging,true,true
AWS S3 Buckets Without Intelligent Tiering,4.0.2,aws,s3:GetIntelligentTieringConfiguration,true,true
AWS S3 Buckets Without Intelligent Tiering,4.0.2,aws,sts:GetCallerIdentity,true,true
AWS S3 Buckets Without Intelligent Tiering,4.0.2,flexera,billing_center_viewer,true,true
AWS S3 Buckets Without Lifecycle Configuration,0.1.1,aws,s3:ListAllMyBuckets,true,true
AWS S3 Buckets Without Lifecycle Configuration,0.1.1,aws,s3:GetBucketLocation,true,true
AWS S3 Buckets Without Lifecycle Configuration,0.1.1,aws,s3:GetBucketTagging,true,true
AWS S3 Buckets Without Lifecycle Configuration,0.1.1,aws,s3:GetLifecycleConfiguration,true,true
AWS S3 Buckets Without Lifecycle Configuration,0.1.1,aws,sts:GetCallerIdentity,true,true
AWS S3 Buckets Without Lifecycle Configuration,0.1.1,flexera,billing_center_viewer,true,true
AWS S3 Buckets Without MFA Delete Enabled,3.0.2,aws,sts:GetCallerIdentity,true,true
AWS S3 Buckets Without MFA Delete Enabled,3.0.2,aws,s3:ListAllMyBuckets,true,true
AWS S3 Buckets Without MFA Delete Enabled,3.0.2,aws,s3:GetBucketLocation,true,true
AWS S3 Buckets Without MFA Delete Enabled,3.0.2,aws,s3:GetBucketTagging,true,true
AWS S3 Buckets Without MFA Delete Enabled,3.0.2,aws,s3:GetBucketVersioning,true,true
AWS S3 Buckets Without MFA Delete Enabled,3.0.2,flexera,billing_center_viewer,true,true
AWS S3 Buckets Without Public Access Blocked,3.0.2,aws,sts:GetCallerIdentity,true,true
AWS S3 Buckets Without Public Access Blocked,3.0.2,aws,s3:ListAllMyBuckets,true,true
AWS S3 Buckets Without Public Access Blocked,3.0.2,aws,s3:GetBucketLocation,true,true
AWS S3 Buckets Without Public Access Blocked,3.0.2,aws,s3:GetBucketTagging,true,true
AWS S3 Buckets Without Public Access Blocked,3.0.2,aws,s3:GetBucketPublicAccessBlock,true,true
AWS S3 Buckets Without Public Access Blocked,3.0.2,flexera,billing_center_viewer,true,true
AWS S3 Buckets Without Server Access Logging,3.0.2,aws,sts:GetCallerIdentity,true,true
AWS S3 Buckets Without Server Access Logging,3.0.2,aws,s3:ListAllMyBuckets,true,true
AWS S3 Buckets Without Server Access Logging,3.0.2,aws,s3:GetBucketLocation,true,true
AWS S3 Buckets Without Server Access Logging,3.0.2,aws,s3:GetBucketTagging,true,true
AWS S3 Buckets Without Server Access Logging,3.0.2,aws,s3:GetBucketLogging,true,true
AWS S3 Buckets Without Server Access Logging,3.0.2,aws,s3:PutBucketLogging,false,false
AWS S3 Buckets Without Server Access Logging,3.0.2,flexera,billing_center_viewer,true,true
AWS S3 Incomplete Multi-Part Uploads,0.1.0,aws,sts:GetCallerIdentity,true,true
AWS S3 Incomplete Multi-Part Uploads,0.1.0,aws,s3:ListAllMyBuckets,true,true
AWS S3 Incomplete Multi-Part Uploads,0.1.0,aws,s3:GetBucketLocation,true,true
AWS S3 Incomplete Multi-Part Uploads,0.1.0,aws,s3:GetBucketTagging,true,true
AWS S3 Incomplete Multi-Part Uploads,0.1.0,aws,s3:ListBucketMultipartUploads,true,true
AWS S3 Incomplete Multi-Part Uploads,0.1.0,aws,s3:ListMultipartUploadParts,true,true
AWS S3 Incomplete Multi-Part Uploads,0.1.0,aws,s3:AbortMultipartUpload,false,false
AWS S3 Incomplete Multi-Part Uploads,0.1.0,flexera,billing_center_viewer,true,true
AWS S3 Usage Type Rule-Based Dimension,0.1.0,flexera,observer,true,true
AWS S3 Usage Type Rule-Based Dimension,0.1.0,flexera,billing_center_viewer,true,true
AWS S3 Usage Type Rule-Based Dimension,0.1.0,flexera,rule_based_dimensions_manager,true,true
AWS Savings Plan Recommendations,3.3.3,aws,ce:GetSavingsPlansPurchaseRecommendation,true,true
AWS Savings Plan Recommendations,3.3.3,flexera,billing_center_viewer,true,true
AWS Savings Plan Utilization,4.0.2,aws,ce:GetSavingsPlansUtilization,true,true
AWS Savings Plan Utilization,4.0.2,aws,savingsplans:DescribeSavingsPlans,true,true
AWS Savings Plan Utilization,4.0.2,flexera,billing_center_viewer,true,true
AWS Savings Realized From Rate Reduction Purchases,4.0.1,flexera,billing_center_viewer,true,true
AWS Schedule Instance,8.0.0,aws,ec2:DescribeInstances,true,true
AWS Schedule Instance,8.0.0,aws,ec2:StartInstances,true,false
AWS Schedule Instance,8.0.0,aws,ec2:StopInstances,true,false
AWS Schedule Instance,8.0.0,aws,ec2:DeleteTags,true,false
AWS Schedule Instance,8.0.0,aws,ec2:DescribeRegions,true,true
AWS Schedule Instance,8.0.0,aws,kms:CreateGrant,true,false
AWS Schedule Instance,8.0.0,aws,kms:Decrypt,true,false
AWS Schedule Instance,8.0.0,aws,ec2:CreateTags,true,false
AWS Schedule Instance,8.0.0,aws,ec2:TerminateInstances,true,false
AWS Schedule Instance,8.0.0,flexera,billing_center_viewer,true,true
AWS Scheduled EC2 Events,4.0.2,aws,ec2:DescribeInstances,true,true
AWS Scheduled EC2 Events,4.0.2,aws,ec2:DescribeInstanceStatus,true,true
AWS Scheduled EC2 Events,4.0.2,aws,ec2:DescribeRegions,true,true
AWS Scheduled EC2 Events,4.0.2,aws,sts:GetCallerIdentity,true,true
AWS Scheduled EC2 Events,4.0.2,flexera,billing_center_viewer,true,true
AWS Superseded EBS Volumes,6.3.6,aws,sts:GetCallerIdentity,true,true
AWS Superseded EBS Volumes,6.3.6,aws,ec2:DescribeRegions,true,true
AWS Superseded EBS Volumes,6.3.6,aws,ec2:DescribeVolumes,true,true
AWS Superseded EBS Volumes,6.3.6,aws,ec2:ModifyVolume,false,false
AWS Superseded EBS Volumes,6.3.6,aws,pricing:GetProducts,true,true
AWS Superseded EBS Volumes,6.3.6,flexera,billing_center_viewer,true,true
AWS Superseded EC2 Instances,2.4.0,aws,ec2:DescribeRegions,true,true
AWS Superseded EC2 Instances,2.4.0,aws,ec2:DescribeInstances,true,true
AWS Superseded EC2 Instances,2.4.0,aws,ec2:DescribeInstanceStatus,false,false
AWS Superseded EC2 Instances,2.4.0,aws,ec2:DescribeTags,true,true
AWS Superseded EC2 Instances,2.4.0,aws,ec2:ModifyInstanceAttribute,false,false
AWS Superseded EC2 Instances,2.4.0,aws,ec2:StartInstances,false,false
AWS Superseded EC2 Instances,2.4.0,aws,ec2:StopInstances,false,false
AWS Superseded EC2 Instances,2.4.0,aws,sts:GetCallerIdentity,true,true
AWS Superseded EC2 Instances,2.4.0,flexera,billing_center_viewer,true,true
AWS Tag Cardinality Report,3.1.4,aws,tag:GetResources,true,true
AWS Tag Cardinality Report,3.1.4,aws,ec2:DescribeRegions,true,true
AWS Tag Cardinality Report,3.1.4,aws,organizations:ListAccounts,true,true
AWS Tag Cardinality Report,3.1.4,aws,organizations:ListTagsForResource,true,true
AWS Tag Cardinality Report,3.1.4,flexera,billing_center_viewer,true,true
AWS Unencrypted EBS Volumes,5.0.2,aws,sts:GetCallerIdentity,true,true
AWS Unencrypted EBS Volumes,5.0.2,aws,ec2:DescribeRegions,true,true
AWS Unencrypted EBS Volumes,5.0.2,aws,ec2:DescribeVolumes,true,true
AWS Unencrypted EBS Volumes,5.0.2,flexera,billing_center_viewer,true,true
AWS Unencrypted RDS Instances,4.1.0,aws,sts:GetCallerIdentity,true,true
AWS Unencrypted RDS Instances,4.1.0,aws,ec2:DescribeRegions,true,true
AWS Unencrypted RDS Instances,4.1.0,aws,rds:DescribeDBInstances,true,true
AWS Unencrypted RDS Instances,4.1.0,aws,rds:ListTagsForResource,true,true
AWS Unencrypted RDS Instances,4.1.0,aws,rds:DeleteDBInstance,false,false
AWS Unencrypted RDS Instances,4.1.0,flexera,billing_center_viewer,true,true
AWS Untagged Resources,5.3.2,aws,sts:GetCallerIdentity,true,true
AWS Untagged Resources,5.3.2,aws,ec2:DescribeRegions,true,true
AWS Untagged Resources,5.3.2,aws,tag:GetResources,true,true
AWS Untagged Resources,5.3.2,aws,tag:TagResources,false,false
AWS Untagged Resources,5.3.2,aws,organizations:TagResource,false,false
AWS Untagged Resources,5.3.2,flexera,billing_center_viewer,true,true
AWS Unused Application Load Balancers,0.2.3,aws,sts:GetCallerIdentity,true,true
AWS Unused Application Load Balancers,0.2.3,aws,ec2:DescribeRegions,true,true
AWS Unused Application Load Balancers,0.2.3,aws,elasticloadbalancing:DescribeLoadBalancers,true,true
AWS Unused Application Load Balancers,0.2.3,aws,elasticloadbalancing:DescribeListeners,true,true
AWS Unused Application Load Balancers,0.2.3,aws,elasticloadbalancing:DescribeTags,true,true
AWS Unused Application Load Balancers,0.2.3,aws,elasticloadbalancing:DescribeTargetGroups,true,true
AWS Unused Application Load Balancers,0.2.3,aws,elasticloadbalancing:DescribeTargetHealth,true,true
AWS Unused Application Load Balancers,0.2.3,aws,elasticloadbalancing:DeleteLoadBalancer,false,false
AWS Unused Application Load Balancers,0.2.3,flexera,billing_center_viewer,true,true
AWS Unused Classic Load Balancers,6.4.3,aws,sts:GetCallerIdentity,true,true
AWS Unused Classic Load Balancers,6.4.3,aws,ec2:DescribeRegions,true,true
AWS Unused Classic Load Balancers,6.4.3,aws,elasticloadbalancing:DescribeLoadBalancers,true,true
AWS Unused Classic Load Balancers,6.4.3,aws,elasticloadbalancing:DescribeInstanceHealth,true,true
AWS Unused Classic Load Balancers,6.4.3,aws,elasticloadbalancing:DescribeTags,true,true
AWS Unused Classic Load Balancers,6.4.3,aws,elasticloadbalancing:DeleteLoadBalancer,false,false
AWS Unused Classic Load Balancers,6.4.3,flexera,billing_center_viewer,true,true
AWS Unused ECS Clusters,4.0.2,aws,sts:GetCallerIdentity,true,true
AWS Unused ECS Clusters,4.0.2,aws,ec2:DescribeRegions,true,true
AWS Unused ECS Clusters,4.0.2,aws,ecs:ListClusters,true,true
AWS Unused ECS Clusters,4.0.2,aws,ecs:DescribeClusters,true,true
AWS Unused ECS Clusters,4.0.2,aws,ecs:DeleteCluster,false,false
AWS Unused ECS Clusters,4.0.2,flexera,billing_center_viewer,true,true
AWS Unused IAM Credentials,3.0.3,aws,sts:GetCallerIdentity,true,true
AWS Unused IAM Credentials,3.0.3,aws,iam:GenerateCredentialReport,true,true
AWS Unused IAM Credentials,3.0.3,aws,iam:GetCredentialReport,true,true
AWS Unused IAM Credentials,3.0.3,flexera,billing_center_viewer,true,true
AWS Unused IP Addresses,9.2.3,aws,ec2:DescribeRegions,true,true
AWS Unused IP Addresses,9.2.3,aws,ec2:DescribeAddresses,true,true
AWS Unused IP Addresses,9.2.3,aws,ec2:ReleaseAddress,false,false
AWS Unused IP Addresses,9.2.3,aws,sts:GetCallerIdentity,true,true
AWS Unused IP Addresses,9.2.3,aws,cloudtrail:LookupEvents,true,true
AWS Unused IP Addresses,9.2.3,flexera,billing_center_viewer,true,true
AWS Unused Network Load Balancers,0.2.3,aws,sts:GetCallerIdentity,true,true
AWS Unused Network Load Balancers,0.2.3,aws,ec2:DescribeRegions,true,true
AWS Unused Network Load Balancers,0.2.3,aws,elasticloadbalancing:DescribeLoadBalancers,true,true
AWS Unused Network Load Balancers,0.2.3,aws,elasticloadbalancing:DescribeListeners,true,true
AWS Unused Network Load Balancers,0.2.3,aws,elasticloadbalancing:DescribeTags,true,true
AWS Unused Network Load Balancers,0.2.3,aws,elasticloadbalancing:DescribeTargetGroups,true,true
AWS Unused Network Load Balancers,0.2.3,aws,elasticloadbalancing:DescribeTargetHealth,true,true
AWS Unused Network Load Balancers,0.2.3,aws,elasticloadbalancing:DeleteLoadBalancer,false,false
AWS Unused Network Load Balancers,0.2.3,flexera,billing_center_viewer,true,true
AWS Unused Volumes,8.3.4,aws,ec2:DescribeRegions,true,true
AWS Unused Volumes,8.3.4,aws,ec2:DescribeVolumes,true,true
AWS Unused Volumes,8.3.4,aws,ec2:DescribeSnapshots,true,true
AWS Unused Volumes,8.3.4,aws,cloudwatch:GetMetricStatistics,true,true
AWS Unused Volumes,8.3.4,aws,cloudwatch:GetMetricData,true,true
AWS Unused Volumes,8.3.4,aws,ec2:CreateTags,false,false
AWS Unused Volumes,8.3.4,aws,ec2:CreateSnapshot,false,false
AWS Unused Volumes,8.3.4,aws,ec2:DetachVolume,false,false
AWS Unused Volumes,8.3.4,aws,ec2:DeleteVolume,false,false
AWS Unused Volumes,8.3.4,flexera,billing_center_viewer,true,true
AWS Usage Forecast - Instance Time Used,1.1.0,flexera,billing_center_viewer,true,true
AWS Usage Forecast - Number of Instance Hours Used,3.3.5,flexera,billing_center_viewer,true,true
AWS Usage Forecast - Number of Instance vCPUs Used,3.3.5,flexera,billing_center_viewer,true,true
AWS Usage Report - Instance Time Used,1.1.0,flexera,billing_center_viewer,true,true
AWS Usage Report - Number of Instance Hours Used,4.1.5,flexera,billing_center_viewer,true,true
AWS Usage Report - Number of Instance vCPUs Used,4.1.5,flexera,billing_center_viewer,true,true
AWS VPCs Without FlowLogs Enabled,4.0.2,aws,sts:GetCallerIdentity,true,true
AWS VPCs Without FlowLogs Enabled,4.0.2,aws,ec2:DescribeRegions,true,true
AWS VPCs Without FlowLogs Enabled,4.0.2,aws,ec2:DescribeVpcs,true,true
AWS VPCs Without FlowLogs Enabled,4.0.2,aws,ec2:DescribeFlowLogs,true,true
AWS VPCs Without FlowLogs Enabled,4.0.2,flexera,billing_center_viewer,true,true
Applied Policy Template Errors,4.0.1,flexera,policy_viewer,true,true
Azure AHUB Utilization with Manual Entry,4.0.2,azure_rm,Microsoft.Compute/virtualMachines/read,true,true
Azure AHUB Utilization with Manual Entry,4.0.2,azure_rm,Microsoft.Compute/virtualMachines/vmSizes/read,true,true
Azure AHUB Utilization with Manual Entry,4.0.2,flexera,billing_center_viewer,true,true
Azure Advisor Carbon Reduction Recommendations,0.1.1,azure_rm,Microsoft.Advisor/recommendations/read,true,true
Azure Advisor Carbon Reduction Recommendations,0.1.1,flexera,billing_center_viewer,true,true
Azure Advisor Compute Instances Recommendations,0.1.1,azure_rm,Microsoft.Advisor/recommendations/read,true,true
Azure Advisor Compute Instances Recommendations,0.1.1,azure_rm,Microsoft.Compute/virtualMachines/read,true,true
Azure Advisor Compute Instances Recommendations,0.1.1,azure_rm,Microsoft.Compute/virtualMachines/write,false,false
Azure Advisor Compute Instances Recommendations,0.1.1,flexera,billing_center_viewer,true,true
Azure Blob Storage Accounts Without Logging Enabled,3.0.1,azure_rm,Microsoft.Storage/storageAccounts/read,true,true
Azure Blob Storage Accounts Without Logging Enabled,3.0.1,azure_storage,Microsoft.Storage/storageAccounts/blobServices/containers/list,true,true
Azure Blob Storage Accounts Without Logging Enabled,3.0.1,azure_storage,Microsoft.Storage/storageAccounts/blobServices/containers/properties/read,true,true
Azure Blob Storage Accounts Without Logging Enabled,3.0.1,flexera,billing_center_viewer,true,true
Azure Blob Storage Accounts Without Soft Delete Enabled,3.0.1,azure_rm,Microsoft.Storage/storageAccounts/read,true,true
Azure Blob Storage Accounts Without Soft Delete Enabled,3.0.1,flexera,billing_center_viewer,true,true
Azure Blob Storage Optimization,4.0.4,azure_rm,Microsoft.Storage/storageAccounts/read,true,true
Azure Blob Storage Optimization,4.0.4,azure_storage,Microsoft.Storage/storageAccounts/blobServices/containers/list,true,true
Azure Blob Storage Optimization,4.0.4,azure_storage,Microsoft.Storage/storageAccounts/blobServices/containers/blobs/read,true,true
Azure Blob Storage Optimization,4.0.4,azure_storage,Microsoft.Storage/storageAccounts/blobServices/containers/blobs/write,false,false
Azure Blob Storage Optimization,4.0.4,azure_storage,Microsoft.Storage/storageAccounts/blobServices/containers/blobs/delete,false,false
Azure Blob Storage Optimization,4.0.4,flexera,billing_center_viewer,true,true
Azure Bring-Your-Own-License (BYOL) Report,0.3.2,flexera,billing_center_viewer,true,true
Azure Cheaper Regions,1.0.1,flexera,billing_center_viewer,true,true
Azure China Common Bill Ingestion,2.0.2,azure_ea_china,Enterprise Agreement,true,true
Azure China Common Bill Ingestion,2.0.2,flexera,billing_center_viewer,true,true
Azure Compute Instances Time Powered Off Report,0.2.1,azure_rm,Microsoft.Compute/virtualMachines/read,true,true
Azure Compute Instances Time Powered Off Report,0.2.1,azure_rm,Microsoft.Compute/virtualMachines/write,false,false
Azure Compute Instances Time Powered Off Report,0.2.1,azure_rm,Microsoft.Compute/virtualMachines/powerOff/action,false,false
Azure Compute Instances Time Powered Off Report,0.2.1,azure_rm,Microsoft.Compute/virtualMachines/delete,false,false
Azure Compute Instances Time Powered Off Report,0.2.1,flexera,billing_center_viewer,true,true
Azure Credential,0.1.1,azure_rm,Microsoft.Resources/subscriptions/read,true,true
Azure Credential,0.1.1,flexera,billing_center_viewer,true,true
Azure Data Lake Optimization,0.1.0,azure_rm,Microsoft.Storage/storageAccounts/read,true,true
Azure Data Lake Optimization,0.1.0,azure_storage,Microsoft.Storage/storageAccounts/blobServices/containers/list,true,true
Azure Data Lake Optimization,0.1.0,azure_storage,Microsoft.Storage/storageAccounts/blobServices/containers/blobs/read,true,true
Azure Data Lake Optimization,0.1.0,azure_storage,Microsoft.Storage/storageAccounts/blobServices/containers/blobs/write,false,false
Azure Data Lake Optimization,0.1.0,azure_storage,Microsoft.Storage/storageAccounts/blobServices/containers/blobs/delete,false,false
Azure Data Lake Optimization,0.1.0,flexera,billing_center_viewer,true,true
Azure Databricks Rightsize Compute Instances,0.3.0,azure_rm,Microsoft.Compute/virtualMachines/read,true,true
Azure Databricks Rightsize Compute Instances,0.3.0,azure_rm,Microsoft.Compute/skus/read,true,true
Azure Databricks Rightsize Compute Instances,0.3.0,azure_rm,Microsoft.Insights/metrics/read,true,true
Azure Databricks Rightsize Compute Instances,0.3.0,flexera,billing_center_viewer,true,true
Azure Disallowed Regions,4.1.2,azure_rm,Microsoft.Compute/virtualMachines/read,true,true
Azure Disallowed Regions,4.1.2,azure_rm,Microsoft.Compute/virtualMachines/write,false,false
Azure Disallowed Regions,4.1.2,flexera,billing_center_viewer,true,true
Azure Expiring Certificates,4.0.2,azure_rm,Microsoft.Web/certificates/read,true,true
Azure Expiring Certificates,4.0.2,azure_rm,Microsoft.Web/certificates/delete,false,false
Azure Expiring Certificates,4.0.2,flexera,billing_center_viewer,true,true
Azure Expiring Reserved Instances,3.0.1,flexera,billing_center_viewer,true,true
Azure Expiring Savings Plans,0.1.2,azure_rm,Microsoft.Billing/billingAccounts/read,true,true
Azure Expiring Savings Plans,0.1.2,flexera,billing_center_viewer,true,true
Azure Guest Users,3.0.2,azure_graph,User.Read.All,true,true
Azure Guest Users,3.0.2,azure_graph,Directory.Read.All,true,true
Azure Guest Users,3.0.2,flexera,billing_center_viewer,true,true
Azure Hybrid Use Benefit for Linux Server,5.1.3,azure_rm,Microsoft.Compute/virtualMachines/read,true,true
Azure Hybrid Use Benefit for Linux Server,5.1.3,azure_rm,Microsoft.Compute/virtualMachines/write,false,false
Azure Hybrid Use Benefit for Linux Server,5.1.3,flexera,billing_center_viewer,true,true
Azure Hybrid Use Benefit for SQL,4.2.1,azure_rm,Microsoft.SqlVirtualMachine/sqlVirtualMachines/read,true,true
Azure Hybrid Use Benefit for SQL,4.2.1,azure_rm,Microsoft.SqlVirtualMachine/sqlVirtualMachines/write,false,false
Azure Hybrid Use Benefit for SQL,4.2.1,azure_rm,Microsoft.Sql/servers/read,true,true
Azure Hybrid Use Benefit for SQL,4.2.1,azure_rm,Microsoft.Sql/servers/write,false,false
Azure Hybrid Use Benefit for SQL,4.2.1,azure_rm,Microsoft.Sql/managedInstances/read,true,true
Azure Hybrid Use Benefit for SQL,4.2.1,azure_rm,Microsoft.Sql/managedInstances/write,false,false
Azure Hybrid Use Benefit for SQL,4.2.1,flexera,billing_center_viewer,true,true
Azure Hybrid Use Benefit for Windows Server,5.2.3,azure_rm,Microsoft.Compute/virtualMachines/read,true,true
Azure Hybrid Use Benefit for Windows Server,5.2.3,azure_rm,Microsoft.Compute/virtualMachines/write,false,false
Azure Hybrid Use Benefit for Windows Server,5.2.3,flexera,billing_center_viewer,true,true
Azure Idle Compute Instances,5.5.4,azure_rm,Microsoft.Compute/virtualMachines/read,true,true
Azure Idle Compute Instances,5.5.4,azure_rm,Microsoft.Compute/virtualMachines/write,false,false
Azure Idle Compute Instances,5.5.4,azure_rm,Microsoft.Insights/metrics/read,true,true
Azure Idle Compute Instances,5.5.4,flexera,billing_center_viewer,true,true
Azure Instances not running FlexNet Inventory Agent,4.2.1,azure_rm,Microsoft.Compute/virtualMachines/read,true,true
Azure Long Running Instances,6.1.2,azure_rm,Microsoft.Compute/virtualMachines/read,true,true
Azure Long Running Instances,6.1.2,azure_rm,Microsoft.Compute/virtualMachines/write,false,false
Azure Long Running Instances,6.1.2,flexera,billing_center_viewer,true,true
Azure Long Stopped Compute Instances,6.0.1,azure_rm,Microsoft.Resources/subscriptions/read,true,true
Azure Long Stopped Compute Instances,6.0.1,azure_rm,Microsoft.Compute/virtualMachines/read,true,true
Azure Long Stopped Compute Instances,6.0.1,azure_rm,Microsoft.Compute/virtualMachines/instanceView/read,true,true
Azure Long Stopped Compute Instances,6.0.1,azure_rm,Microsoft.Compute/disks/read,true,true
Azure Long Stopped Compute Instances,6.0.1,azure_rm,Microsoft.Insights/eventtypes/management/read,true,true
Azure Long Stopped Compute Instances,6.0.1,azure_rm,Microsoft.Compute/virtualMachines/delete,false,false
Azure Long Stopped Compute Instances,6.0.1,flexera,billing_center_viewer,true,true
Azure Missing Subscriptions,0.1.2,azure_rm,Microsoft.Resources/subscriptions/read,true,true
Azure Missing Subscriptions,0.1.2,flexera,billing_center_viewer,true,true
Azure MySQL Flexible Servers Without Secure TLS,3.0.1,azure_rm,Microsoft.Resources/subscriptions/read,true,true
Azure MySQL Flexible Servers Without Secure TLS,3.0.1,azure_rm,Microsoft.DBforMySQL/flexibleServers/read,true,true
Azure MySQL Flexible Servers Without Secure TLS,3.0.1,azure_rm,Microsoft.DBforMySQL/flexibleServers/configurations/read,true,true
Azure MySQL Flexible Servers Without Secure TLS,3.0.1,flexera,billing_center_viewer,true,true
Azure MySQL Servers Without Enforced SSL,3.0.1,azure_rm,Microsoft.Resources/subscriptions/read,true,true
Azure MySQL Servers Without Enforced SSL,3.0.1,azure_rm,Microsoft.DBforMySQL/servers/read,true,true
Azure MySQL Servers Without Enforced SSL,3.0.1,flexera,billing_center_viewer,true,true
Azure Network Security Groups With Inbound RDP Open,3.0.1,azure_rm,Microsoft.Network/networkSecurityGroups/read,true,true
Azure Network Security Groups With Inbound RDP Open,3.0.1,flexera,billing_center_viewer,true,true
Azure Network Security Groups With Inbound SSH Open,3.0.1,azure_rm,Microsoft.Network/networkSecurityGroups/read,true,true
Azure Network Security Groups With Inbound SSH Open,3.0.1,flexera,billing_center_viewer,true,true
Azure New Marketplace Products,0.5.0,flexera,billing_center_viewer,true,true
Azure Old Snapshots,7.2.2,azure_rm,Microsoft.Compute/snapshots/read,true,true
Azure Old Snapshots,7.2.2,azure_rm,Microsoft.Compute/snapshots/delete,false,false
Azure Old Snapshots,7.2.2,flexera,billing_center_viewer,true,true
Azure Overutilized Compute Instances,0.1.0,azure_rm,Microsoft.Insights/metrics/read,true,true
Azure Overutilized Compute Instances,0.1.0,azure_rm,Microsoft.Compute/skus/read,true,true
Azure Overutilized Compute Instances,0.1.0,azure_rm,Microsoft.Compute/locations/vmSizes/read,true,true
Azure Overutilized Compute Instances,0.1.0,azure_rm,Microsoft.Compute/virtualMachines/read,true,true
Azure Overutilized Compute Instances,0.1.0,azure_rm,Microsoft.Compute/virtualMachines/write,false,false
Azure Overutilized Compute Instances,0.1.0,flexera,billing_center_viewer,true,true
Azure Policy Audit,3.0.2,azure_rm,Microsoft.Authorization/policyAssignments/read,true,true
Azure Policy Audit,3.0.2,azure_rm,Microsoft.Authorization/policyDefinitions/read,true,true
Azure Policy Audit,3.0.2,flexera,billing_center_viewer,true,true
Azure PostgreSQL Servers With Bad Log Settings,3.0.1,azure_rm,Microsoft.Resources/subscriptions/read,true,true
Azure PostgreSQL Servers With Bad Log Settings,3.0.1,azure_rm,Microsoft.DBForPostgreSql/servers/read,true,true
Azure PostgreSQL Servers With Bad Log Settings,3.0.1,flexera,billing_center_viewer,true,true
Azure PostgreSQL Servers With Insufficient Log Retention,3.0.1,azure_rm,Microsoft.Resources/subscriptions/read,true,true
Azure PostgreSQL Servers With Insufficient Log Retention,3.0.1,azure_rm,Microsoft.DBForPostgreSql/servers/read,true,true
Azure PostgreSQL Servers With Insufficient Log Retention,3.0.1,flexera,billing_center_viewer,true,true
Azure PostgreSQL Servers Without Connection Throttling,3.0.1,azure_rm,Microsoft.Resources/subscriptions/read,true,true
Azure PostgreSQL Servers Without Connection Throttling,3.0.1,azure_rm,Microsoft.DBForPostgreSql/servers/read,true,true
Azure PostgreSQL Servers Without Connection Throttling,3.0.1,flexera,billing_center_viewer,true,true
Azure PostgreSQL Servers Without Infrastructure Encryption,3.0.1,azure_rm,Microsoft.Resources/subscriptions/read,true,true
Azure PostgreSQL Servers Without Infrastructure Encryption,3.0.1,azure_rm,Microsoft.DBForPostgreSql/servers/read,true,true
Azure PostgreSQL Servers Without Infrastructure Encryption,3.0.1,flexera,billing_center_viewer,true,true
Azure Publicly-Accessible Blob Containers,3.0.2,azure_rm,Microsoft.Storage/storageAccounts/read,true,true
Azure Publicly-Accessible Blob Containers,3.0.2,azure_storage,Microsoft.Storage/storageAccounts/blobServices/containers/list,true,true
Azure Publicly-Accessible Blob Containers,3.0.2,azure_storage,Microsoft.Storage/storageAccounts/blobServices/containers/properties/read,true,true
Azure Publicly-Accessible Blob Containers,3.0.2,flexera,billing_center_viewer,true,true
Azure Publicly-Accessible SQL Managed Instances,3.0.1,azure_rm,Microsoft.Resources/subscriptions/read,true,true
Azure Publicly-Accessible SQL Managed Instances,3.0.1,azure_rm,Microsoft.Sql/managedInstances/read,true,true
Azure Publicly-Accessible SQL Managed Instances,3.0.1,azure_rm,Microsoft.Sql/managedInstances/update,false,false
Azure Publicly-Accessible SQL Managed Instances,3.0.1,azure_rm,Microsoft.Sql/managedInstances/delete,false,false
Azure Publicly-Accessible SQL Managed Instances,3.0.1,flexera,billing_center_viewer,true,true
Azure Queue Storage Accounts Without Logging Enabled,3.0.1,azure_rm,Microsoft.Storage/storageAccounts/read,true,true
Azure Queue Storage Accounts Without Logging Enabled,3.0.1,azure_storage,Storage Queue Data Reader,true,true
Azure Queue Storage Accounts Without Logging Enabled,3.0.1,flexera,billing_center_viewer,true,true
Azure Regulatory Compliance,3.0.1,azure_rm,Microsoft.Security/regulatoryComplianceStandards/read,true,true
Azure Regulatory Compliance,3.0.1,flexera,billing_center_viewer,true,true
Azure Reserved Instances Recommendations,4.2.0,azure_rm,Microsoft.Billing/billingAccounts/read,false,true
Azure Reserved Instances Recommendations,4.2.0,azure_rm,Microsoft.Consumption/reservationRecommendations/read,true,true
Azure Reserved Instances Recommendations,4.2.0,flexera,billing_center_viewer,true,true
Azure Reserved Instances Utilization,3.1.3,azure_rm,Microsoft.Billing/billingAccounts/read,true,true
Azure Reserved Instances Utilization,3.1.3,azure_rm,Microsoft.Consumption/reservationTransactions/read,true,true
Azure Reserved Instances Utilization,3.1.3,azure_rm,Microsoft.Consumption/reservationSummaries/read,true,true
Azure Reserved Instances Utilization MCA,1.0.2,azure_rm,Microsoft.Capacity/reservations/read,true,true
Azure Rightsize Compute Instances,6.1.3,azure_rm,Microsoft.Insights/metrics/read,true,true
Azure Rightsize Compute Instances,6.1.3,azure_rm,Microsoft.Compute/skus/read,true,true
Azure Rightsize Compute Instances,6.1.3,azure_rm,Microsoft.Compute/locations/vmSizes/read,true,true
Azure Rightsize Compute Instances,6.1.3,azure_rm,Microsoft.Compute/virtualMachines/read,true,true
Azure Rightsize Compute Instances,6.1.3,azure_rm,Microsoft.Compute/virtualMachines/write,false,false
Azure Rightsize Compute Instances,6.1.3,azure_rm,Microsoft.Compute/virtualMachines/powerOff/action,false,false
Azure Rightsize Compute Instances,6.1.3,azure_rm,Microsoft.Compute/virtualMachines/start/action,false,false
Azure Rightsize Compute Instances,6.1.3,azure_rm,Microsoft.Compute/virtualMachines/delete,false,false
Azure Rightsize Compute Instances,6.1.3,flexera,billing_center_viewer,true,true
Azure Rightsize Managed Disks,2.5.1,azure_rm,Microsoft.Compute/disks/read,true,true
Azure Rightsize Managed Disks,2.5.1,azure_rm,Microsoft.Compute/virtualMachines/read,true,true
Azure Rightsize Managed Disks,2.5.1,azure_rm,Microsoft.Insights/metrics/read,true,true
Azure Rightsize Managed Disks,2.5.1,flexera,billing_center_viewer,true,true
Azure Rightsize MySQL Flexible Servers,0.2.2,azure_rm,Microsoft.DBforMySQL/flexibleServers/read,true,true
Azure Rightsize MySQL Flexible Servers,0.2.2,azure_rm,Microsoft.DBforMySQL/flexibleServers/update,false,false
Azure Rightsize MySQL Flexible Servers,0.2.2,azure_rm,Microsoft.DBforMySQL/flexibleServers/delete,false,false
Azure Rightsize MySQL Flexible Servers,0.2.2,azure_rm,Microsoft.Insights/metrics/read,true,true
Azure Rightsize MySQL Flexible Servers,0.2.2,flexera,billing_center_viewer,true,true
Azure Rightsize MySQL Single Servers,0.2.2,azure_rm,Microsoft.DBforMySQL/servers/read,true,true
Azure Rightsize MySQL Single Servers,0.2.2,azure_rm,Microsoft.DBforMySQL/servers/update,false,false
Azure Rightsize MySQL Single Servers,0.2.2,azure_rm,Microsoft.DBforMySQL/servers/delete,false,false
Azure Rightsize MySQL Single Servers,0.2.2,azure_rm,Microsoft.Insights/metrics/read,true,true
Azure Rightsize MySQL Single Servers,0.2.2,flexera,billing_center_viewer,true,true
Azure Rightsize NetApp Resources,2.0.5,azure_rm,Microsoft.NetApp/netAppAccounts/capacityPools/read,true,true
Azure Rightsize NetApp Resources,2.0.5,azure_rm,Microsoft.NetApp/netAppAccounts/capacityPools/write,false,false
Azure Rightsize NetApp Resources,2.0.5,azure_rm,Microsoft.NetApp/netAppAccounts/capacityPools/volumes/read,true,true
Azure Rightsize NetApp Resources,2.0.5,azure_rm,Microsoft.NetApp/netAppAccounts/capacityPools/volumes/write,false,false
Azure Rightsize NetApp Resources,2.0.5,azure_rm,Microsoft.Insights/metrics/read,true,true
Azure Rightsize NetApp Resources,2.0.5,flexera,billing_center_viewer,true,true
Azure Rightsize SQL Database Storage,0.1.3,azure_rm,Microsoft.Sql/servers/read,true,true
Azure Rightsize SQL Database Storage,0.1.3,azure_rm,Microsoft.Sql/servers/databases/read,true,true
Azure Rightsize SQL Database Storage,0.1.3,azure_rm,Microsoft.Sql/servers/databases/metrics/read,true,true
Azure Rightsize SQL Database Storage,0.1.3,azure_rm,Microsoft.Insights/metrics/read,true,true
Azure Rightsize SQL Database Storage,0.1.3,flexera,billing_center_viewer,true,true
Azure Rightsize SQL Databases,6.0.0,azure_rm,Microsoft.Sql/servers/read,true,true
Azure Rightsize SQL Databases,6.0.0,azure_rm,Microsoft.Sql/servers/databases/read,true,true
Azure Rightsize SQL Databases,6.0.0,azure_rm,Microsoft.Sql/servers/databases/metrics/read,true,true
Azure Rightsize SQL Databases,6.0.0,azure_rm,Microsoft.Sql/servers/databases/update,false,false
Azure Rightsize SQL Databases,6.0.0,azure_rm,Microsoft.Sql/servers/databases/delete,false,false
Azure Rightsize SQL Databases,6.0.0,azure_rm,Microsoft.Insights/metrics/read,true,true
Azure Rightsize SQL Databases,6.0.0,flexera,billing_center_viewer,true,true
Azure Rightsize SQL Managed Instance Storage,0.2.3,azure_rm,Microsoft.Sql/managedInstances/read,true,true
Azure Rightsize SQL Managed Instance Storage,0.2.3,azure_rm,Microsoft.Sql/managedInstances/metrics/read,true,true
Azure Rightsize SQL Managed Instance Storage,0.2.3,azure_rm,Microsoft.Sql/managedInstances/update,false,false
Azure Rightsize SQL Managed Instance Storage,0.2.3,azure_rm,Microsoft.Insights/metrics/read,true,true
Azure Rightsize SQL Managed Instance Storage,0.2.3,flexera,billing_center_viewer,true,true
Azure Rightsize SQL Managed Instances,0.3.2,azure_rm,Microsoft.Sql/managedInstances/read,true,true
Azure Rightsize SQL Managed Instances,0.3.2,azure_rm,Microsoft.Sql/managedInstances/metrics/read,true,true
Azure Rightsize SQL Managed Instances,0.3.2,azure_rm,Microsoft.Sql/managedInstances/update,false,false
Azure Rightsize SQL Managed Instances,0.3.2,azure_rm,Microsoft.Sql/managedInstances/delete,false,false
Azure Rightsize SQL Managed Instances,0.3.2,azure_rm,Microsoft.Insights/metrics/read,true,true
Azure Rightsize SQL Managed Instances,0.3.2,flexera,billing_center_viewer,true,true
Azure Rightsize Synapse SQL Pools,0.1.2,azure_rm,Microsoft.Insights/metrics/read,true,true
Azure Rightsize Synapse SQL Pools,0.1.2,azure_rm,Microsoft.Synapse/workspaces/read,true,true
Azure Rightsize Synapse SQL Pools,0.1.2,azure_rm,Microsoft.Synapse/sqlPools/read,true,true
Azure Rightsize Synapse SQL Pools,0.1.2,azure_rm,Microsoft.Synapse/sqlPools/pause/action,true,true
Azure Rightsize Synapse SQL Pools,0.1.2,azure_rm,Microsoft.Synapse/sqlPools/resume/action,true,true
Azure Rightsize Synapse SQL Pools,0.1.2,azure_rm,Microsoft.Synapse/sqlPools/write,true,true
Azure Rightsize Synapse SQL Pools,0.1.2,azure_rm,Microsoft.Synapse/sqlPools/delete,true,true
Azure Rightsize Synapse SQL Pools,0.1.2,flexera,billing_center_viewer,true,true
Azure Rule-Based Dimension From Resource Group Tags,2.0.0,azure_rm,Microsoft.Resources/subscriptions/resources/read,true,true
Azure Rule-Based Dimension From Resource Group Tags,2.0.0,azure_rm,Microsoft.Resources/subscriptions/providers/read,true,true
Azure Rule-Based Dimension From Resource Group Tags,2.0.0,azure_rm,Microsoft.Resources/tags/read,true,true
Azure Rule-Based Dimension From Resource Group Tags,2.0.0,flexera,observer,true,true
Azure Rule-Based Dimension From Resource Group Tags,2.0.0,flexera,billing_center_viewer,true,true
Azure Rule-Based Dimension From Resource Group Tags,2.0.0,flexera,rule_based_dimensions_manager,true,true
Azure Rule-Based Dimension From Subscription Tags,2.0.0,azure_rm,Microsoft.Resources/subscriptions/resources/read,true,true
Azure Rule-Based Dimension From Subscription Tags,2.0.0,azure_rm,Microsoft.Resources/subscriptions/providers/read,true,true
Azure Rule-Based Dimension From Subscription Tags,2.0.0,azure_rm,Microsoft.Resources/tags/read,true,true
Azure Rule-Based Dimension From Subscription Tags,2.0.0,flexera,observer,true,true
Azure Rule-Based Dimension From Subscription Tags,2.0.0,flexera,billing_center_viewer,true,true
Azure Rule-Based Dimension From Subscription Tags,2.0.0,flexera,rule_based_dimensions_manager,true,true
Azure SQL Databases Without Encryption,3.0.1,azure_rm,Microsoft.Resources/subscriptions/read,true,true
Azure SQL Databases Without Encryption,3.0.1,azure_rm,Microsoft.Sql/servers/read,true,true
Azure SQL Databases Without Encryption,3.0.1,azure_rm,Microsoft.Sql/servers/databases/read,true,true
Azure SQL Databases Without Encryption,3.0.1,azure_rm,Microsoft.Sql/servers/databases/transparentDataEncryption/read,true,true
Azure SQL Databases Without Encryption,3.0.1,flexera,billing_center_viewer,true,true
Azure SQL Servers Vulnerability Assessment Does Not Notify Admins,3.0.1,azure_rm,Microsoft.Resources/subscriptions/read,true,true
Azure SQL Servers Vulnerability Assessment Does Not Notify Admins,3.0.1,azure_rm,Microsoft.Sql/servers/read,true,true
Azure SQL Servers Vulnerability Assessment Does Not Notify Admins,3.0.1,azure_rm,Microsoft.Sql/servers/vulnerabilityAssessments/read,true,true
Azure SQL Servers Vulnerability Assessment Does Not Notify Admins,3.0.1,flexera,billing_center_viewer,true,true
Azure SQL Servers Vulnerability Assessment Without Email Notifications,3.0.1,azure_rm,Microsoft.Resources/subscriptions/read,true,true
Azure SQL Servers Vulnerability Assessment Without Email Notifications,3.0.1,azure_rm,Microsoft.Sql/servers/read,true,true
Azure SQL Servers Vulnerability Assessment Without Email Notifications,3.0.1,azure_rm,Microsoft.Sql/servers/vulnerabilityAssessments/read,true,true
Azure SQL Servers Vulnerability Assessment Without Email Notifications,3.0.1,flexera,billing_center_viewer,true,true
Azure SQL Servers Vulnerability Assessment Without Periodic Scans,3.0.1,azure_rm,Microsoft.Resources/subscriptions/read,true,true
Azure SQL Servers Vulnerability Assessment Without Periodic Scans,3.0.1,azure_rm,Microsoft.Sql/servers/read,true,true
Azure SQL Servers Vulnerability Assessment Without Periodic Scans,3.0.1,azure_rm,Microsoft.Sql/servers/vulnerabilityAssessments/read,true,true
Azure SQL Servers Vulnerability Assessment Without Periodic Scans,3.0.1,flexera,billing_center_viewer,true,true
Azure SQL Servers With Insufficient Auditing Retention,3.0.1,azure_rm,Microsoft.Resources/subscriptions/read,true,true
Azure SQL Servers With Insufficient Auditing Retention,3.0.1,azure_rm,Microsoft.Sql/servers/read,true,true
Azure SQL Servers With Insufficient Auditing Retention,3.0.1,flexera,billing_center_viewer,true,true
Azure SQL Servers Without Active Directory Admin,3.0.1,azure_rm,Microsoft.Resources/subscriptions/read,true,true
Azure SQL Servers Without Active Directory Admin,3.0.1,azure_rm,Microsoft.Sql/servers/read,true,true
Azure SQL Servers Without Active Directory Admin,3.0.1,azure_rm,Microsoft.Sql/servers/administrators/read,true,true
Azure SQL Servers Without Active Directory Admin,3.0.1,flexera,billing_center_viewer,true,true
Azure SQL Servers Without Advanced Threat Protection (ATP),3.0.1,azure_rm,Microsoft.Resources/subscriptions/read,true,true
Azure SQL Servers Without Advanced Threat Protection (ATP),3.0.1,azure_rm,Microsoft.Sql/servers/read,true,true
Azure SQL Servers Without Advanced Threat Protection (ATP),3.0.1,azure_rm,Microsoft.Sql/servers/securityAlertPolicies/read,true,true
Azure SQL Servers Without Advanced Threat Protection (ATP),3.0.1,flexera,billing_center_viewer,true,true
Azure SQL Servers Without Auditing Enabled,3.0.1,azure_rm,Microsoft.Resources/subscriptions/read,true,true
Azure SQL Servers Without Auditing Enabled,3.0.1,azure_rm,Microsoft.Sql/servers/read,true,true
Azure SQL Servers Without Auditing Enabled,3.0.1,flexera,billing_center_viewer,true,true
Azure SQL Servers Without Elastic Pools,3.0.1,azure_rm,Microsoft.Sql/servers/read,true,true
Azure SQL Servers Without Elastic Pools,3.0.1,flexera,billing_center_viewer,true,true
Azure SQL Servers Without Vulnerability Assessment (VA) Enabled,3.0.1,azure_rm,Microsoft.Resources/subscriptions/read,true,true
Azure SQL Servers Without Vulnerability Assessment (VA) Enabled,3.0.1,azure_rm,Microsoft.Sql/servers/read,true,true
Azure SQL Servers Without Vulnerability Assessment (VA) Enabled,3.0.1,azure_rm,Microsoft.Sql/servers/vulnerabilityAssessments/read,true,true
Azure SQL Servers Without Vulnerability Assessment (VA) Enabled,3.0.1,flexera,billing_center_viewer,true,true
Azure Savings Plan Recommendations,3.1.2,azure_rm,Microsoft.CostManagement/benefitRecommendations/read,true,true
Azure Savings Plan Recommendations,3.1.2,flexera,billing_center_viewer,true,true
Azure Savings Plan Utilization,0.1.2,azure_rm,Microsoft.Billing/billingAccounts/read,true,true
Azure Savings Plan Utilization,0.1.2,flexera,billing_center_viewer,true,true
Azure Savings Realized from Reservations,3.9.3,flexera,billing_center_viewer,true,true
Azure Schedule Instance,7.0.1,azure_rm,Microsoft.Compute/virtualMachines/read,true,true
Azure Schedule Instance,7.0.1,azure_rm,Microsoft.Compute/virtualMachines/write,true,false
Azure Schedule Instance,7.0.1,azure_rm,Microsoft.Compute/virtualMachines/delete,true,false
Azure Schedule Instance,7.0.1,azure_rm,Microsoft.Compute/virtualMachines/start/action,true,false
Azure Schedule Instance,7.0.1,azure_rm,Microsoft.Compute/virtualMachines/deallocate/action,true,false
Azure Schedule Instance,7.0.1,flexera,billing_center_viewer,true,true
Azure Storage Accounts Allowing Default Network Access,3.0.1,azure_rm,Microsoft.Storage/storageAccounts/read,true,true
Azure Storage Accounts Allowing Default Network Access,3.0.1,flexera,billing_center_viewer,true,true
Azure Storage Accounts Without Secure TLS,3.0.1,azure_rm,Microsoft.Storage/storageAccounts/read,true,true
Azure Storage Accounts Without Secure TLS,3.0.1,flexera,billing_center_viewer,true,true
Azure Storage Accounts Without Secure Transfer,3.0.1,azure_rm,Microsoft.Storage/storageAccounts/read,true,true
Azure Storage Accounts Without Secure Transfer,3.0.1,flexera,billing_center_viewer,true,true
Azure Storage Accounts Without Trusted Microsoft Services Access,3.0.1,azure_rm,Microsoft.Storage/storageAccounts/read,true,true
Azure Storage Accounts Without Trusted Microsoft Services Access,3.0.1,flexera,billing_center_viewer,true,true
Azure Storage Accounts without Lifecycle Management Policies,4.0.2,azure_rm,Microsoft.Storage/storageAccounts/read,true,true
Azure Storage Accounts without Lifecycle Management Policies,4.0.2,flexera,billing_center_viewer,true,true
Azure Subscriptions Without High Severity Alerts,3.0.1,azure_rm,Microsoft.Resources/subscriptions/read,true,true
Azure Subscriptions Without High Severity Alerts,3.0.1,azure_rm,Microsoft.Security/securityContacts/read,true,true
Azure Subscriptions Without High Severity Alerts,3.0.1,flexera,billing_center_viewer,true,true
Azure Subscriptions Without Log Analytics Auto-Provisioning,3.0.2,azure_rm,Microsoft.Resources/subscriptions/read,true,true
Azure Subscriptions Without Log Analytics Auto-Provisioning,3.0.2,azure_rm,Microsoft.Security/autoProvisioningSettings/read,true,true
Azure Subscriptions Without Log Analytics Auto-Provisioning,3.0.2,flexera,billing_center_viewer,true,true
Azure Subscriptions Without Owner Security Alerts,3.0.1,azure_rm,Microsoft.Resources/subscriptions/read,true,true
Azure Subscriptions Without Owner Security Alerts,3.0.1,azure_rm,Microsoft.Security/securityContacts/read,true,true
Azure Subscriptions Without Owner Security Alerts,3.0.1,flexera,billing_center_viewer,true,true
Azure Subscriptions Without Security Contact Email,3.0.1,azure_rm,Microsoft.Resources/subscriptions/read,true,true
Azure Subscriptions Without Security Contact Email,3.0.1,azure_rm,Microsoft.Security/securityContacts/read,true,true
Azure Subscriptions Without Security Contact Email,3.0.1,flexera,billing_center_viewer,true,true
Azure Superseded Compute Instances,2.1.3,azure_rm,Microsoft.Compute/virtualMachines/read,true,true
Azure Superseded Compute Instances,2.1.3,azure_rm,Microsoft.Compute/virtualMachines/write,false,false
Azure Superseded Compute Instances,2.1.3,flexera,billing_center_viewer,true,true
Azure Table Storage Accounts Without Logging Enabled,3.0.1,azure_rm,Microsoft.Storage/storageAccounts/read,true,true
Azure Table Storage Accounts Without Logging Enabled,3.0.1,azure_storage,Storage Table Data Reader,true,true
Azure Table Storage Accounts Without Logging Enabled,3.0.1,flexera,billing_center_viewer,true,true
Azure Tag Cardinality Report,3.2.2,azure_rm,Microsoft.Resources/subscriptions/resources/read,true,true
Azure Tag Cardinality Report,3.2.2,azure_rm,Microsoft.Resources/subscriptions/providers/read,true,true
Azure Tag Cardinality Report,3.2.2,azure_rm,Microsoft.Resources/subscriptions/read,true,true
Azure Tag Cardinality Report,3.2.2,azure_rm,Microsoft.Resources/resourceGroups/read,true,true
Azure Tag Cardinality Report,3.2.2,azure_rm,Microsoft.Resources/tags/read,true,true
Azure Tag Cardinality Report,3.2.2,flexera,billing_center_viewer,true,true
Azure Untagged Resources,3.2.2,azure_rm,Microsoft.Resources/subscriptions/providers/read,true,true
Azure Untagged Resources,3.2.2,azure_rm,Microsoft.Resources/subscriptions/resources/read,true,true
Azure Untagged Resources,3.2.2,azure_rm,Microsoft.Resources/tags/write,false,false
Azure Untagged Resources,3.2.2,flexera,billing_center_viewer,true,true
Azure Untagged Virtual Machines,1.1.2,azure_rm,Microsoft.Compute/virtualMachines/read,true,true
Azure Untagged Virtual Machines,1.1.2,azure_rm,Microsoft.Compute/virtualMachines/write,false,false
Azure Untagged Virtual Machines,1.1.2,flexera,billing_center_viewer,true,true
Azure Unused App Service Plans,0.1.2,azure_rm,Microsoft.Web/sites/read,true,true
Azure Unused App Service Plans,0.1.2,azure_rm,Microsoft.Web/serverfarms/read,true,true
Azure Unused App Service Plans,0.1.2,azure_rm,Microsoft.Web/serverfarms/delete,false,false
Azure Unused App Service Plans,0.1.2,flexera,billing_center_viewer,true,true
Azure Unused Firewalls,0.2.3,azure_rm,Microsoft.Insights/metrics/read,true,true
Azure Unused Firewalls,0.2.3,azure_rm,Microsoft.Network/azureFirewalls/read,true,true
Azure Unused Firewalls,0.2.3,azure_rm,Microsoft.Network/azureFirewalls/delete,false,false
Azure Unused Firewalls,0.2.3,flexera,billing_center_viewer,true,true
Azure Unused IP Addresses,7.3.2,azure_rm,Microsoft.Network/publicIPAddresses/read,true,true
Azure Unused IP Addresses,7.3.2,azure_rm,Microsoft.Network/publicIPAddresses/delete,false,false
Azure Unused IP Addresses,7.3.2,azure_rm,Microsoft.Insights/eventtypes/values/read,true,true
Azure Unused IP Addresses,7.3.2,flexera,billing_center_viewer,true,true
Azure Unused Load Balancers,0.1.3,azure_rm,Microsoft.Insights/metrics/read,true,true
Azure Unused Load Balancers,0.1.3,azure_rm,Microsoft.Network/loadBalancers/read,true,true
Azure Unused Load Balancers,0.1.3,azure_rm,Microsoft.Network/loadBalancers/delete,false,false
Azure Unused Load Balancers,0.1.3,flexera,billing_center_viewer,true,true
Azure Unused SQL Databases,5.4.4,azure_rm,Microsoft.Sql/servers/databases/read,true,true
Azure Unused SQL Databases,5.4.4,azure_rm,Microsoft.Sql/servers/databases/metrics/read,true,true
Azure Unused SQL Databases,5.4.4,azure_rm,Microsoft.Insights/metrics/read,true,true
Azure Unused SQL Databases,5.4.4,azure_rm,Microsoft.Sql/servers/databases/delete,false,false
Azure Unused SQL Databases,5.4.4,flexera,billing_center_viewer,true,true
Azure Unused Virtual Network Gateways,0.1.1,azure_rm,Microsoft.Network/connections/read,true,true
Azure Unused Virtual Network Gateways,0.1.1,azure_rm,Microsoft.Network/virtualNetworkGateways/read,true,true
Azure Unused Virtual Network Gateways,0.1.1,azure_rm,Microsoft.Network/virtualNetworkGateways/delete,false,false
Azure Unused Virtual Network Gateways,0.1.1,flexera,billing_center_viewer,true,true
Azure Unused Volumes,8.2.3,azure_rm,Microsoft.Compute/disks/read,true,true
Azure Unused Volumes,8.2.3,azure_rm,Microsoft.Compute/disks/write,false,false
Azure Unused Volumes,8.2.3,azure_rm,Microsoft.Compute/snapshots/write,false,false
Azure Unused Volumes,8.2.3,azure_rm,Microsoft.Compute/virtualMachines/read,false,false
Azure Unused Volumes,8.2.3,azure_rm,Microsoft.Compute/virtualMachines/write,false,false
Azure Unused Volumes,8.2.3,azure_rm,Microsoft.Insights/metrics/read,true,true
Azure Unused Volumes,8.2.3,flexera,billing_center_viewer,true,true
Azure Usage Report - Amount of Instance Memory Used,2.1.6,flexera,billing_center_viewer,true,true
Azure Usage Report - Instance Time Used,1.0.4,flexera,billing_center_viewer,true,true
Azure Usage Report - Number of Instance Hours Used,2.1.5,flexera,billing_center_viewer,true,true
Azure Usage Report - Number of Instance vCPUs Used,2.1.6,flexera,billing_center_viewer,true,true
Azure VMs Not Using Managed Disks,4.0.1,azure_rm,Microsoft.Compute/virtualMachines/read,true,true
Azure VMs Not Using Managed Disks,4.0.1,flexera,billing_center_viewer,true,true
Azure Web Apps With Unoptimized Scaling,0.2.1,azure_rm,Microsoft.Web/sites/read,true,true
Azure Web Apps With Unoptimized Scaling,0.2.1,azure_rm,Microsoft.Insights/autoscalesettings/read,true,true
Azure Web Apps With Unoptimized Scaling,0.2.1,flexera,billing_center_viewer,true,true
Azure Web Apps Without Secure TLS,3.0.1,azure_rm,Microsoft.Web/sites/read,true,true
Azure Web Apps Without Secure TLS,3.0.1,flexera,billing_center_viewer,true,true
Billing Center Access Report,3.1.2,flexera,billing_center_viewer,true,true
Billing Center Access Report,3.1.2,flexera,enterprise_manager,true,true
Budget Alerts,3.3.2,flexera,billing_center_viewer,true,true
Budget vs Actual Spend Report,2.5.3,flexera,billing_center_viewer,true,true
Budget vs Actual Spend Report,2.5.3,flexera,budget_viewer,true,true
Cheaper Regions,2.4.3,flexera,billing_center_viewer,true,true
Cheaper Regions,2.4.3,flexera,policy_designer,true,true
Cheaper Regions,2.4.3,flexera,policy_manager,true,true
Cheaper Regions,2.4.3,flexera,policy_publisher,true,true
Cloud Bill Processing Error Notification,2.5.3,flexera,ca_user,true,true
Cloud Bill Processing Error Notification,2.5.3,flexera,csm_bill_upload_admin,true,true
Cloud Bill Processing Error Notification,2.5.3,flexera,enterprise_manager,true,true
Cloud Bill Processing Error Notification,2.5.3,flexera,observer,true,true
Cloud Cost Anomaly Alerts,3.7.2,flexera,policy_manager,true,true
Cloud Cost Anomaly Alerts,3.7.2,flexera,billing_center_viewer,true,true
Cloud Spend Forecast - Straight-Line,4.0.1,flexera,billing_center_viewer,true,true
Cloud Spend Moving Average Report,4.0.1,flexera,billing_center_viewer,true,true
Common Bill Ingestion from AWS S3 Object Storage,0.1.1,aws,s3:GetObject,false,true
Common Bill Ingestion from AWS S3 Object Storage,0.1.1,flexera,billing_center_viewer,true,true
Common Bill Ingestion from AWS S3 Object Storage,0.1.1,flexera,csm_bill_upload_admin,true,true
Common Bill Ingestion from Azure Blob Storage,0.1.2,azure_storage,Microsoft.Storage/storageAccounts/blobServices/containers/blobs/read,true,true
Common Bill Ingestion from Azure Blob Storage,0.1.2,flexera,billing_center_viewer,true,true
Common Bill Ingestion from Azure Blob Storage,0.1.2,flexera,csm_bill_upload_admin,true,true
Currency Conversion,5.0.2,flexera,enterprise_manager,true,true
Email Cost Optimization Recommendations,0.6.1,flexera,billing_center_viewer,true,true
FinOps Dashboards,0.1.0,flexera,csm_dashboard_admin,true,true
Fixed Cost Common Bill Ingestion,0.2.1,flexera,billing_center_viewer,true,true
Fixed Cost Common Bill Ingestion,0.2.1,flexera,csm_bill_upload_admin,true,true
Flexera Automation Disallowed Credentials,0.1.0,flexera,credential_viewer,true,true
Flexera Automation Disallowed Credentials,0.1.0,flexera,iam_admin,false,false
Flexera Automation Expiring Credentials,0.1.0,flexera,credential_viewer,true,true
Flexera Automation Expiring Credentials,0.1.0,flexera,iam_admin,false,false
Flexera Automation Outdated Applied Policies,0.2.3,flexera,policy_viewer,true,true
Flexera Automation Outdated Applied Policies,0.2.3,flexera,policy_manager,false,false
Flexera Billing Centers from Dimension Values,0.1.1,flexera,billing_center_admin,true,true
Flexera CCO Delete All Billing Centers,1.1.1,flexera,billing_center_admin,true,true
Flexera CCO Delete All Billing Centers,1.1.1,flexera,policy_manager,true,true
Flexera FOCUS Report,0.1.3,flexera,billing_center_viewer,true,true
Flexera One API Event Report,0.1.0,flexera,iam_admin,true,true
Flexera One User Access Report,0.1.1,flexera,iam_admin,true,true
Flexera Users With Explicit Roles,4.0.1,flexera,iam_admin,true,true
GitHub Available Seats,3.0.1,flexera,billing_center_viewer,true,true
GitHub Available Seats,3.0.1,github,admin:org,true,true
GitHub Repositories Without Admin Team,3.0.1,flexera,billing_center_viewer,true,true
GitHub Repositories Without Admin Team,3.0.1,github,admin:org,true,true
GitHub Repository Branches Without Protection,3.0.1,flexera,billing_center_viewer,true,true
GitHub Repository Branches Without Protection,3.0.1,github,admin:org,true,true
GitHub Undersized Repositories,3.0.1,flexera,billing_center_viewer,true,true
GitHub Undersized Repositories,3.0.1,github,admin:org,true,true
GitHub Unpermitted Outside Collaborators,3.0.1,flexera,billing_center_viewer,true,true
GitHub Unpermitted Outside Collaborators,3.0.1,github,admin:org,true,true
GitHub Unpermitted Repository Names,3.0.1,flexera,billing_center_viewer,true,true
GitHub Unpermitted Repository Names,3.0.1,github,admin:org,true,true
GitHub Unpermitted Top-Level Teams,3.0.1,flexera,billing_center_viewer,true,true
GitHub Unpermitted Top-Level Teams,3.0.1,github,admin:org,true,true
Google Cheaper Regions,1.0.1,flexera,billing_center_viewer,true,true
Google Cloud Run Anomaly Detection,0.2.0,gce,resourcemanager.projects.get,true,true
Google Cloud Run Anomaly Detection,0.2.0,gce,compute.regions.list,true,true
Google Cloud Run Anomaly Detection,0.2.0,gce,run.services.list,true,true
Google Cloud Run Anomaly Detection,0.2.0,gce,monitoring.timeSeries.list,true,true
Google Cloud Storage Without Lifecycle Configuration,0.2.0,gce,resourcemanager.projects.get,true,true
Google Cloud Storage Without Lifecycle Configuration,0.2.0,gce,storage.buckets.list,true,true
Google Cloud Storage Without Lifecycle Configuration,0.2.0,flexera,billing_center_viewer,true,true
Google Committed Use Discount Recommender,4.3.0,gce,resourcemanager.projects.get,true,true
Google Committed Use Discount Recommender,4.3.0,gce,compute.regions.list,true,true
Google Committed Use Discount Recommender,4.3.0,gce,recommender.usageCommitmentRecommendations.list,true,true
Google Committed Use Discount Recommender,4.3.0,gce,billing.resourceCosts.get,false,true
Google Committed Use Discount Recommender,4.3.0,gce,billing.accounts.getSpendingInformation,false,true
Google Committed Use Discount Recommender,4.3.0,flexera,billing_center_viewer,true,true
Google Committed Use Discount Report,3.1.0,gce,resourcemanager.projects.get,true,true
Google Committed Use Discount Report,3.1.0,gce,compute.commitments.get,true,true
Google Committed Use Discount Report,3.1.0,flexera,billing_center_viewer,true,true
Google Credential,0.1.1,gce,resourcemanager.projects.get,true,true
Google Credential,0.1.1,flexera,billing_center_viewer,true,true
Google Expiring Committed Use Discounts (CUD),3.1.0,gce,resourcemanager.projects.get,true,true
Google Expiring Committed Use Discounts (CUD),3.1.0,gce,compute.commitments.get,true,true
Google Expiring Committed Use Discounts (CUD),3.1.0,flexera,billing_center_viewer,true,true
Google Idle Cloud SQL Instance Recommender,4.1.3,gce,recommender.cloudsqlIdleInstanceRecommendations.list,true,true
Google Idle Cloud SQL Instance Recommender,4.1.3,gce,resourcemanager.projects.get,true,true
Google Idle Cloud SQL Instance Recommender,4.1.3,gce,cloudsql.instances.list,true,true
Google Idle Cloud SQL Instance Recommender,4.1.3,gce,cloudsql.instances.update,false,false
Google Idle Cloud SQL Instance Recommender,4.1.3,gce,cloudsql.instances.delete,false,false
Google Idle Cloud SQL Instance Recommender,4.1.3,flexera,billing_center_viewer,true,true
Google Idle IP Address Recommender,4.3.0,gce,recommender.computeAddressIdleResourceRecommendations.list,true,true
Google Idle IP Address Recommender,4.3.0,gce,resourcemanager.projects.get,true,true
Google Idle IP Address Recommender,4.3.0,gce,compute.addresses.list,true,true
Google Idle IP Address Recommender,4.3.0,gce,compute.addresses.delete,false,false
Google Idle IP Address Recommender,4.3.0,flexera,billing_center_viewer,true,true
Google Idle Persistent Disk Recommender,4.3.0,gce,recommender.computeDiskIdleResourceRecommendations.list,true,true
Google Idle Persistent Disk Recommender,4.3.0,gce,resourcemanager.projects.get,true,true
Google Idle Persistent Disk Recommender,4.3.0,gce,compute.disks.list,true,true
Google Idle Persistent Disk Recommender,4.3.0,gce,logging.logEntries.list,true,true
Google Idle Persistent Disk Recommender,4.3.0,gce,logging.privateLogEntries.list,true,true
Google Idle Persistent Disk Recommender,4.3.0,gce,logging.views.access,true,true
Google Idle Persistent Disk Recommender,4.3.0,gce,compute.disks.createSnapshot,false,false
Google Idle Persistent Disk Recommender,4.3.0,gce,compute.disks.delete,false,false
Google Idle Persistent Disk Recommender,4.3.0,gce,compute.globalOperations.get,false,false
Google Idle Persistent Disk Recommender,4.3.0,gce,compute.zoneOperations.get,false,false
Google Idle Persistent Disk Recommender,4.3.0,gce,compute.snapshots.create,false,false
Google Idle Persistent Disk Recommender,4.3.0,flexera,billing_center_viewer,true,true
Google Label Cardinality Report,0.2.0,gce,resourcemanager.projects.get,true,true
Google Label Cardinality Report,0.2.0,gce,resourcemanager.projects.list,true,true
Google Label Cardinality Report,0.2.0,gce,bigquery.datasets.get,true,true
Google Label Cardinality Report,0.2.0,gce,bigquery.datasets.list,true,true
Google Label Cardinality Report,0.2.0,gce,bigquery.tables.get,true,true
Google Label Cardinality Report,0.2.0,gce,bigquery.tables.list,true,true
Google Label Cardinality Report,0.2.0,gce,cloudsql.instances.get,true,true
Google Label Cardinality Report,0.2.0,gce,cloudsql.instances.list,true,true
Google Label Cardinality Report,0.2.0,gce,compute.addresses.get,true,true
Google Label Cardinality Report,0.2.0,gce,compute.addresses.list,true,true
Google Label Cardinality Report,0.2.0,gce,compute.disks.get,true,true
Google Label Cardinality Report,0.2.0,gce,compute.disks.list,true,true
Google Label Cardinality Report,0.2.0,gce,compute.images.get,true,true
Google Label Cardinality Report,0.2.0,gce,compute.images.list,true,true
Google Label Cardinality Report,0.2.0,gce,compute.instances.get,true,true
Google Label Cardinality Report,0.2.0,gce,compute.instances.list,true,true
Google Label Cardinality Report,0.2.0,gce,compute.snapshots.get,true,true
Google Label Cardinality Report,0.2.0,gce,compute.snapshots.list,true,true
Google Label Cardinality Report,0.2.0,gce,compute.storagePools.get,true,true
Google Label Cardinality Report,0.2.0,gce,compute.storagePools.list,true,true
Google Label Cardinality Report,0.2.0,gce,compute.vpnGateways.get,true,true
Google Label Cardinality Report,0.2.0,gce,compute.vpnGateways.list,true,true
Google Label Cardinality Report,0.2.0,gce,compute.vpnTunnels.get,true,true
Google Label Cardinality Report,0.2.0,gce,compute.vpnTunnels.list,true,true
Google Label Cardinality Report,0.2.0,gce,storage.buckets.get,true,true
Google Label Cardinality Report,0.2.0,gce,storage.buckets.list,true,true
Google Label Cardinality Report,0.2.0,flexera,billing_center_viewer,true,true
Google Long Stopped VM Instances,4.1.0,gce,resourcemanager.projects.get,true,true
Google Long Stopped VM Instances,4.1.0,gce,monitoring.metricDescriptors.list,true,true
Google Long Stopped VM Instances,4.1.0,gce,monitoring.timeSeries.list,true,true
Google Long Stopped VM Instances,4.1.0,gce,compute.instances.list,true,true
Google Long Stopped VM Instances,4.1.0,gce,compute.instances.get,true,true
Google Long Stopped VM Instances,4.1.0,gce,compute.instances.stop,false,false
Google Long Stopped VM Instances,4.1.0,gce,compute.instances.delete,false,false
Google Long Stopped VM Instances,4.1.0,flexera,billing_center_viewer,true,true
Google Missing Projects,0.1.0,gce,resourcemanager.projects.get,true,true
Google Missing Projects,0.1.0,flexera,billing_center_viewer,true,true
Google Object Storage Optimization,3.0.4,gce,resourcemanager.projects.get,true,true
Google Object Storage Optimization,3.0.4,gce,storage.buckets.list,true,true
Google Object Storage Optimization,3.0.4,gce,storage.objects.list,true,true
Google Object Storage Optimization,3.0.4,gce,storage.objects.create,false,false
Google Object Storage Optimization,3.0.4,gce,storage.objects.delete,false,false
Google Object Storage Optimization,3.0.4,flexera,billing_center_viewer,true,true
Google Old Snapshots,5.2.0,gce,resourcemanager.projects.get,true,true
Google Old Snapshots,5.2.0,gce,billing.accounts.get,true,true
Google Old Snapshots,5.2.0,gce,compute.zones.list,true,true
Google Old Snapshots,5.2.0,gce,compute.regions.list,true,true
Google Old Snapshots,5.2.0,gce,compute.disks.list,true,true
Google Old Snapshots,5.2.0,gce,compute.snapshots.get,true,true
Google Old Snapshots,5.2.0,gce,compute.snapshots.list,true,true
Google Old Snapshots,5.2.0,gce,compute.snapshots.delete,false,false
Google Old Snapshots,5.2.0,flexera,billing_center_viewer,true,true
Google Open Buckets,3.2.0,gce,storage.buckets.get,true,true
Google Open Buckets,3.2.0,gce,storage.buckets.list,true,true
Google Open Buckets,3.2.0,gce,storage.buckets.getIamPolicy,true,true
Google Open Buckets,3.2.0,gce,resourcemanager.projects.get,true,true
Google Open Buckets,3.2.0,flexera,billing_center_viewer,true,true
Google Overutilized VM Instances,0.1.0,gce,resourcemanager.projects.get,true,true
Google Overutilized VM Instances,0.1.0,gce,monitoring.metricDescriptors.list,true,true
Google Overutilized VM Instances,0.1.0,gce,monitoring.timeSeries.list,true,true
Google Overutilized VM Instances,0.1.0,gce,compute.instances.list,true,true
Google Overutilized VM Instances,0.1.0,gce,compute.instances.get,true,true
Google Overutilized VM Instances,0.1.0,gce,compute.instances.start,false,false
Google Overutilized VM Instances,0.1.0,gce,compute.instances.stop,false,false
Google Overutilized VM Instances,0.1.0,gce,compute.instances.setMachineType,false,false
Google Overutilized VM Instances,0.1.0,gce,compute.machineTypes.list,true,true
Google Overutilized VM Instances,0.1.0,flexera,billing_center_viewer,true,true
Google Recommenders,3.1.0,gce,resourcemanager.projects.get,true,true
Google Recommenders,3.1.0,gce,recommender.cloudSecurityGeneralRecommendations.list,false,true
Google Recommenders,3.1.0,gce,recommender.cloudsqlIdleInstanceRecommendations.list,false,true
Google Recommenders,3.1.0,gce,recommender.cloudsqlInstanceOutOfDiskRecommendations.list,false,true
Google Recommenders,3.1.0,gce,recommender.cloudsqlOverprovisionedInstanceRecommendations.list,false,true
Google Recommenders,3.1.0,gce,recommender.computeAddressIdleResourceRecommendations.list,false,true
Google Recommenders,3.1.0,gce,recommender.computeDiskIdleResourceRecommendations.list,false,true
Google Recommenders,3.1.0,gce,recommender.computeImageIdleResourceRecommendations.list,false,true
Google Recommenders,3.1.0,gce,recommender.computeInstanceGroupManagerMachineTypeRecommendations.list,false,true
Google Recommenders,3.1.0,gce,recommender.computeInstanceIdleResourceRecommendations.list,false,true
Google Recommenders,3.1.0,gce,recommender.computeInstanceMachineTypeRecommendations.list,false,true
Google Recommenders,3.1.0,gce,recommender.containerDiagnosisRecommendations.list,false,true
Google Recommenders,3.1.0,gce,recommender.iamPolicyRecommendations.list,false,true
Google Recommenders,3.1.0,gce,recommender.loggingProductSuggestionContainerRecommendations.list,false,true
Google Recommenders,3.1.0,gce,recommender.monitoringProductSuggestionComputeRecommendations.list,false,true
Google Recommenders,3.1.0,gce,recommender.resourcemanagerProjectUtilizationRecommendations.list,false,true
Google Recommenders,3.1.0,gce,recommender.runServiceSecurityRecommendations.list,false,true
Google Recommenders,3.1.0,gce,recommender.usageCommitmentRecommendations.list,false,true
Google Recommenders,3.1.0,flexera,billing_center_viewer,true,true
Google Rightsize Cloud SQL Recommender,0.2.0,gce,recommender.cloudsqlIdleInstanceRecommendations.list,true,true
Google Rightsize Cloud SQL Recommender,0.2.0,gce,recommender.cloudsqlOverprovisionedInstanceRecommendations.list,true,true
Google Rightsize Cloud SQL Recommender,0.2.0,gce,resourcemanager.projects.get,true,true
Google Rightsize Cloud SQL Recommender,0.2.0,gce,cloudsql.instances.list,true,true
Google Rightsize Cloud SQL Recommender,0.2.0,gce,cloudsql.instances.update,false,false
Google Rightsize Cloud SQL Recommender,0.2.0,gce,cloudsql.instances.delete,false,false
Google Rightsize Cloud SQL Recommender,0.2.0,flexera,billing_center_viewer,true,true
Google Rightsize VM Recommender,3.2.0,gce,recommender.computeInstanceMachineTypeRecommendations.list,false,true
Google Rightsize VM Recommender,3.2.0,gce,recommender.computeInstanceIdleResourceRecommendations.list,false,true
Google Rightsize VM Recommender,3.2.0,gce,resourcemanager.projects.get,true,true
Google Rightsize VM Recommender,3.2.0,gce,monitoring.metricDescriptors.list,true,true
Google Rightsize VM Recommender,3.2.0,gce,monitoring.timeSeries.list,true,true
Google Rightsize VM Recommender,3.2.0,gce,compute.instances.list,true,true
Google Rightsize VM Recommender,3.2.0,gce,compute.instances.get,true,true
Google Rightsize VM Recommender,3.2.0,gce,compute.instances.start,false,false
Google Rightsize VM Recommender,3.2.0,gce,compute.instances.stop,false,false
Google Rightsize VM Recommender,3.2.0,gce,compute.instances.setMachineType,false,false
Google Rightsize VM Recommender,3.2.0,gce,compute.instances.delete,false,false
Google Rightsize VM Recommender,3.2.0,flexera,billing_center_viewer,true,true
Google Rule-Based Dimension From Project Labels,2.0.0,gce,resourcemanager.projects.get,true,true
Google Rule-Based Dimension From Project Labels,2.0.0,flexera,observer,true,true
Google Rule-Based Dimension From Project Labels,2.0.0,flexera,billing_center_viewer,true,true
Google Rule-Based Dimension From Project Labels,2.0.0,flexera,rule_based_dimensions_manager,true,true
Google Schedule Instance,6.0.0,gce,resourcemanager.projects.get,true,true
Google Schedule Instance,6.0.0,gce,compute.zones.list,true,true
Google Schedule Instance,6.0.0,gce,compute.instances.list,true,true
Google Schedule Instance,6.0.0,gce,compute.instances.get,true,true
Google Schedule Instance,6.0.0,gce,compute.instances.start,true,false
Google Schedule Instance,6.0.0,gce,compute.instances.stop,true,false
Google Schedule Instance,6.0.0,gce,compute.instances.delete,true,false
Google Schedule Instance,6.0.0,gce,compute.instances.setLabels,true,false
Google Schedule Instance,6.0.0,flexera,billing_center_viewer,true,true
Google Unlabeled Resources,3.2.0,gce,resourcemanager.projects.get,true,true
Google Unlabeled Resources,3.2.0,gce,resourcemanager.projects.update,false,false
Google Unlabeled Resources,3.2.0,gce,compute.disks.list,true,true
Google Unlabeled Resources,3.2.0,gce,compute.disks.setLabels,false,false
Google Unlabeled Resources,3.2.0,gce,compute.externalVpnGateways.list,true,true
Google Unlabeled Resources,3.2.0,gce,compute.externalVpnGateways.setLabels,false,false
Google Unlabeled Resources,3.2.0,gce,compute.images.list,true,true
Google Unlabeled Resources,3.2.0,gce,compute.images.setLabels,false,false
Google Unlabeled Resources,3.2.0,gce,compute.instances.list,true,true
Google Unlabeled Resources,3.2.0,gce,compute.instances.setLabels,false,false
Google Unlabeled Resources,3.2.0,gce,compute.snapshots.list,true,true
Google Unlabeled Resources,3.2.0,gce,compute.snapshots.setLabels,false,false
Google Unlabeled Resources,3.2.0,gce,compute.vpnGateways.list,true,true
Google Unlabeled Resources,3.2.0,gce,compute.vpnGateways.setLabels,false,false
Google Unlabeled Resources,3.2.0,gce,storage.buckets.list,true,true
Google Unlabeled Resources,3.2.0,gce,storage.buckets.update,false,false
Google Unlabeled Resources,3.2.0,flexera,billing_center_viewer,true,true
Hidden Policy Templates,0.1.1,flexera,policy_designer,true,true
Hidden Policy Templates,0.1.1,flexera,policy_manager,true,true
ITAM Asset Report,0.1.0,flexera,di_viewer,true,true
ITAM Asset Report,0.1.0,flexera,policy_viewer,true,true
ITAM Expiring Licenses,2.4.3,flexera,fnms_user,true,true
ITAM Ignored Recent Inventory Dates,2.4.2,flexera,fnms_user,true,true
ITAM Installed Application Report,0.1.0,flexera,di_viewer,true,true
ITAM Installed Application Report,0.1.0,flexera,policy_viewer,true,true
ITAM License Report,0.1.0,flexera,di_viewer,true,true
ITAM License Report,0.1.0,flexera,policy_viewer,true,true
ITAM Missing Active Machines,2.4.2,flexera,fnms_user,true,true
ITAM Overused Licenses,2.4.3,flexera,fnms_user,true,true
ITAM VMs Missing Host ID,2.4.2,flexera,fnms_user,true,true
Kubecost Cluster Rightsizing Recommendation,0.4.0,flexera,billing_center_viewer,true,true
Kubecost Container Request Rightsizing Recommendations,0.4.2,flexera,billing_center_viewer,true,true
Kubernetes - Rightsizing Recommendations,0.1.0,flexera,policy_viewer,true,true
Low Usage Report,3.1.1,flexera,billing_center_viewer,true,true
Master Org Cost Policy,2.0.2,flexera,billing_center_viewer,true,true
Master Org Cost Policy with Currency Conversion,2.0.2,flexera,billing_center_viewer,true,true
New Usage,3.0.3,flexera,billing_center_viewer,true,true
Office 365 Security Alerts,3.0.1,azure_graph,SecurityEvents.Read.All,true,true
Office 365 Security Alerts,3.0.1,flexera,billing_center_viewer,true,true
Okta Inactive Users,3.0.1,flexera,billing_center_viewer,true,true
Okta Inactive Users,3.0.1,okta,READ_ONLY_ADMIN,true,true
Orgs and Clouds Vendor Accounts,2.0.1,flexera,enterprise_manager,true,true
Policy Template Synchronization,3.0.1,flexera,policy_designer,true,true
Policy Template Synchronization,3.0.1,flexera,policy_manager,true,true
Rule-Based Dimension From Custom Tags,0.1.0,flexera,observer,true,true
Rule-Based Dimension From Custom Tags,0.1.0,flexera,billing_center_viewer,true,true
Rule-Based Dimension From Custom Tags,0.1.0,flexera,rule_based_dimensions_manager,true,true
SaaS Manager - Deactivated Users,3.1.2,flexera,SaaS Manager: Viewer,true,true
SaaS Manager - Deactivated Users for Integrated Applications,3.1.2,flexera,SaaS Manager: Viewer,true,true
SaaS Manager - Duplicate User Accounts,3.1.2,flexera,SaaS Manager: Viewer,true,true
SaaS Manager - Redundant Apps,3.1.2,flexera,SaaS Manager: Viewer,true,true
SaaS Manager - Renewal Reminder,3.2.2,flexera,SaaS Manager: Viewer,true,true
SaaS Manager - SaaS App User Report by Category,3.0.1,flexera,SaaS Manager: Viewer,true,true
SaaS Manager - Suspicious Users,3.1.2,flexera,SaaS Manager: Viewer,true,true
SaaS Manager - Unsanctioned Applications with Existing Contract,3.2.2,flexera,SaaS Manager: Viewer,true,true
SaaS Manager - Unsanctioned Spend,3.1.2,flexera,SaaS Manager: Viewer,true,true
Schedule ITAM Report,0.2.0,flexera,fnms_user,true,true
Scheduled Report,3.5.2,flexera,billing_center_viewer,true,true
Scheduled Report for Unallocated Costs,0.3.1,flexera,billing_center_viewer,true,true
Scheduled Report with Markups and Markdowns,2.0.0,flexera,billing_center_viewer,true,true
ServiceNow Inactive Approvers,3.0.1,flexera,billing_center_viewer,true,true
ServiceNow Inactive Approvers,3.0.1,servicenow,user_admin,true,true
Spot Ocean - Common Bill Ingest,0.1.0,flexera,billing_center_viewer,true,true
Spot Ocean - Common Bill Ingest,0.1.0,flexera,csm_bill_upload_admin,true,true
Spot Security - Compliance Report,0.1.0,flexera,policy_viewer,true,true
Vendor Spend Commitment Forecast,4.0.2,flexera,billing_center_viewer,true,true
