providerName,resourceType,supportsTags,costReport
Microsoft.AAD,DomainServices,TRUE,TRUE
Microsoft.AAD,DomainServices/oucontainer,FALSE,FALSE
Microsoft.Addons,supportProviders,FALSE,FALSE
Microsoft.ADHybridHealthService,aadsupportcases,FALSE,FALSE
Microsoft.ADHybridHealthService,addsservices,FALSE,FALSE
Microsoft.ADHybridHealthService,agents,FALSE,FALSE
Microsoft.ADHybridHealthService,anonymousapiusers,FALSE,FALSE
Microsoft.ADHybridHealthService,configuration,FALSE,FALSE
Microsoft.ADHybridHealthService,logs,FALSE,FALSE
Microsoft.ADHybridHealthService,reports,FALSE,FALSE
Microsoft.ADHybridHealthService,servicehealthmetrics,FALSE,FALSE
Microsoft.ADHybridHealthService,services,FALSE,FALSE
Microsoft.Advisor,advisorScore,FALSE,FALSE
Microsoft.Advisor,configurations,FALSE,FALSE
Microsoft.Advisor,generateRecommendations,FALSE,FALSE
Microsoft.Advisor,metadata,FALSE,FALSE
Microsoft.Advisor,recommendations,FALSE,FALSE
Microsoft.Advisor,suppressions,FALSE,FALSE
Microsoft.AgFoodPlatform,farmBeats,TRUE,TRUE
Microsoft.AlertsManagement,actionRules,TRUE,TRUE
Microsoft.AlertsManagement,alerts,FALSE,FALSE
Microsoft.AlertsManagement,alertsList,FALSE,FALSE
Microsoft.AlertsManagement,alertsMetaData,FALSE,FALSE
Microsoft.AlertsManagement,alertsSummary,FALSE,FALSE
Microsoft.AlertsManagement,alertsSummaryList,FALSE,FALSE
Microsoft.AlertsManagement,smartDetectorAlertRules,TRUE,TRUE
Microsoft.AlertsManagement,smartGroups,FALSE,FALSE
Microsoft.AnalysisServices,servers,TRUE,TRUE
Microsoft.ApiManagement,reportFeedback,FALSE,FALSE
Microsoft.ApiManagement,service,TRUE,TRUE
Microsoft.ApiManagement,validateServiceName,FALSE,FALSE
Microsoft.AppConfiguration,configurationStores,TRUE,TRUE
Microsoft.AppConfiguration,configurationStores/eventGridFilters,FALSE,FALSE
Microsoft.AppConfiguration,configurationStores/keyValues,FALSE,FALSE
Microsoft.AppPlatform,Spring,TRUE,TRUE
Microsoft.AppPlatform,Spring/apps,FALSE,FALSE
Microsoft.AppPlatform,Spring/apps/deployments,FALSE,FALSE
Microsoft.Attestation,attestationProviders,TRUE,TRUE
Microsoft.Attestation,defaultProviders,FALSE,FALSE
Microsoft.Authorization,accessReviewScheduleDefinitions,FALSE,FALSE
Microsoft.Authorization,accessReviewScheduleSettings,FALSE,FALSE
Microsoft.Authorization,classicAdministrators,FALSE,FALSE
Microsoft.Authorization,dataAliases,FALSE,FALSE
Microsoft.Authorization,denyAssignments,FALSE,FALSE
Microsoft.Authorization,elevateAccess,FALSE,FALSE
Microsoft.Authorization,findOrphanRoleAssignments,FALSE,FALSE
Microsoft.Authorization,locks,FALSE,FALSE
Microsoft.Authorization,permissions,FALSE,FALSE
Microsoft.Authorization,policyAssignments,FALSE,FALSE
Microsoft.Authorization,policyDefinitions,FALSE,FALSE
Microsoft.Authorization,policyExemptions,FALSE,FALSE
Microsoft.Authorization,policySetDefinitions,FALSE,FALSE
Microsoft.Authorization,privateLinkAssociations,FALSE,FALSE
Microsoft.Authorization,providerOperations,FALSE,FALSE
Microsoft.Authorization,resourceManagementPrivateLinks,TRUE,TRUE
Microsoft.Authorization,roleAssignments,FALSE,FALSE
Microsoft.Authorization,roleAssignmentsUsageMetrics,FALSE,FALSE
Microsoft.Authorization,roleDefinitions,FALSE,FALSE
Microsoft.Automanage,accounts,TRUE,TRUE
Microsoft.Automanage,configurationProfileAssignments,FALSE,FALSE
Microsoft.Automanage,configurationProfilePreferences,TRUE,TRUE
Microsoft.Automation,automationAccounts,TRUE,TRUE
Microsoft.Automation,automationAccounts/configurations,TRUE,TRUE
Microsoft.Automation,automationAccounts/jobs,FALSE,FALSE
Microsoft.Automation,automationAccounts/privateEndpointConnectionProxies,FALSE,FALSE
Microsoft.Automation,automationAccounts/privateEndpointConnections,FALSE,FALSE
Microsoft.Automation,automationAccounts/privateLinkResources,FALSE,FALSE
Microsoft.Automation,automationAccounts/runbooks,TRUE,TRUE
Microsoft.Automation,automationAccounts/softwareUpdateConfigurations,FALSE,FALSE
Microsoft.Automation,automationAccounts/webhooks,FALSE,FALSE
Microsoft.AVS,privateClouds,TRUE,TRUE
Microsoft.AVS,privateClouds/authorizations,FALSE,FALSE
Microsoft.AVS,privateClouds/clusters,FALSE,FALSE
Microsoft.AVS,privateClouds/globalReachConnections,FALSE,FALSE
Microsoft.AVS,privateClouds/hcxEnterpriseSites,FALSE,FALSE
Microsoft.AVS,privateClouds/workloadNetworks,FALSE,FALSE
Microsoft.AVS,privateClouds/workloadNetworks/dhcpConfigurations,FALSE,FALSE
Microsoft.AVS,privateClouds/workloadNetworks/gateways,FALSE,FALSE
Microsoft.AVS,privateClouds/workloadNetworks/portMirroringProfiles,FALSE,FALSE
Microsoft.AVS,privateClouds/workloadNetworks/segments,FALSE,FALSE
Microsoft.AVS,privateClouds/workloadNetworks/virtualMachines,FALSE,FALSE
Microsoft.AVS,privateClouds/workloadNetworks/vmGroups,FALSE,FALSE
Microsoft.Azure.Geneva,environments,FALSE,FALSE
Microsoft.Azure.Geneva,environments/accounts,FALSE,FALSE
Microsoft.Azure.Geneva,environments/accounts/namespaces,FALSE,FALSE
Microsoft.Azure.Geneva,environments/accounts/namespaces/configurations,FALSE,FALSE
Microsoft.AzureActiveDirectory,b2cDirectories,TRUE,FALSE
Microsoft.AzureActiveDirectory,b2ctenants,FALSE,FALSE
Microsoft.AzureActiveDirectory,guestUsages,TRUE,TRUE
Microsoft.AzureData,dataControllers,TRUE,TRUE
Microsoft.AzureData,postgresInstances,TRUE,TRUE
Microsoft.AzureData,sqlManagedInstances,TRUE,TRUE
Microsoft.AzureData,sqlServerInstances,TRUE,TRUE
Microsoft.AzureData,sqlServerRegistrations,TRUE,TRUE
Microsoft.AzureData,sqlServerRegistrations/sqlServers,FALSE,FALSE
Microsoft.AzureStack,cloudManifestFiles,FALSE,FALSE
Microsoft.AzureStack,edgeSubscriptions,TRUE,TRUE
Microsoft.AzureStack,linkedSubscriptions,TRUE,TRUE
Microsoft.AzureStack,registrations,TRUE,TRUE
Microsoft.AzureStack,registrations/customerSubscriptions,FALSE,FALSE
Microsoft.AzureStack,registrations/products,FALSE,FALSE
Microsoft.AzureStackHCI,clusters,TRUE,TRUE
Microsoft.Batch,batchAccounts,TRUE,TRUE
Microsoft.Billing,billingAccounts,FALSE,FALSE
Microsoft.Billing,billingAccounts/agreements,FALSE,FALSE
Microsoft.Billing,billingAccounts/billingPermissions,FALSE,FALSE
Microsoft.Billing,billingAccounts/billingProfiles,FALSE,FALSE
Microsoft.Billing,billingAccounts/billingProfiles/billingPermissions,FALSE,FALSE
Microsoft.Billing,billingAccounts/billingProfiles/billingRoleAssignments,FALSE,FALSE
Microsoft.Billing,billingAccounts/billingProfiles/billingRoleDefinitions,FALSE,FALSE
Microsoft.Billing,billingAccounts/billingProfiles/billingSubscriptions,FALSE,FALSE
Microsoft.Billing,billingAccounts/billingProfiles/createBillingRoleAssignment,FALSE,FALSE
Microsoft.Billing,billingAccounts/billingProfiles/customers,FALSE,FALSE
Microsoft.Billing,billingAccounts/billingProfiles/instructions,FALSE,FALSE
Microsoft.Billing,billingAccounts/billingProfiles/invoices,FALSE,FALSE
Microsoft.Billing,billingAccounts/billingProfiles/invoices/pricesheet,FALSE,FALSE
Microsoft.Billing,billingAccounts/billingProfiles/invoices/transactions,FALSE,FALSE
Microsoft.Billing,billingAccounts/billingProfiles/invoiceSections,FALSE,FALSE
Microsoft.Billing,billingAccounts/billingProfiles/invoiceSections/billingPermissions,FALSE,FALSE
Microsoft.Billing,billingAccounts/billingProfiles/invoiceSections/billingRoleAssignments,FALSE,FALSE
Microsoft.Billing,billingAccounts/billingProfiles/invoiceSections/billingRoleDefinitions,FALSE,FALSE
Microsoft.Billing,billingAccounts/billingProfiles/invoiceSections/billingSubscriptions,FALSE,FALSE
Microsoft.Billing,billingAccounts/billingProfiles/invoiceSections/createBillingRoleAssignment,FALSE,FALSE
Microsoft.Billing,billingAccounts/billingProfiles/invoiceSections/initiateTransfer,FALSE,FALSE
Microsoft.Billing,billingAccounts/billingProfiles/invoiceSections/products,FALSE,FALSE
Microsoft.Billing,billingAccounts/billingProfiles/invoiceSections/products/transfer,FALSE,FALSE
Microsoft.Billing,billingAccounts/billingProfiles/invoiceSections/products/updateAutoRenew,FALSE,FALSE
Microsoft.Billing,billingAccounts/billingProfiles/invoiceSections/transactions,FALSE,FALSE
Microsoft.Billing,billingAccounts/billingProfiles/invoiceSections/transfers,FALSE,FALSE
Microsoft.Billing,billingAccounts/BillingProfiles/patchOperations,FALSE,FALSE
Microsoft.Billing,billingAccounts/billingProfiles/paymentMethods,FALSE,FALSE
Microsoft.Billing,billingAccounts/billingProfiles/policies,FALSE,FALSE
Microsoft.Billing,billingAccounts/billingProfiles/pricesheet,FALSE,FALSE
Microsoft.Billing,billingAccounts/billingProfiles/pricesheetDownloadOperations,FALSE,FALSE
Microsoft.Billing,billingAccounts/billingProfiles/products,FALSE,FALSE
Microsoft.Billing,billingAccounts/billingProfiles/reservations,FALSE,FALSE
Microsoft.Billing,billingAccounts/billingProfiles/transactions,FALSE,FALSE
Microsoft.Billing,billingAccounts/billingProfiles/validateDetachPaymentMethodEligibility,FALSE,FALSE
Microsoft.Billing,billingAccounts/billingRoleAssignments,FALSE,FALSE
Microsoft.Billing,billingAccounts/billingRoleDefinitions,FALSE,FALSE
Microsoft.Billing,billingAccounts/billingSubscriptions,FALSE,FALSE
Microsoft.Billing,billingAccounts/billingSubscriptions/invoices,FALSE,FALSE
Microsoft.Billing,billingAccounts/createBillingRoleAssignment,FALSE,FALSE
Microsoft.Billing,billingAccounts/createInvoiceSectionOperations,FALSE,FALSE
Microsoft.Billing,billingAccounts/customers,FALSE,FALSE
Microsoft.Billing,billingAccounts/customers/billingPermissions,FALSE,FALSE
Microsoft.Billing,billingAccounts/customers/billingSubscriptions,FALSE,FALSE
Microsoft.Billing,billingAccounts/customers/initiateTransfer,FALSE,FALSE
Microsoft.Billing,billingAccounts/customers/policies,FALSE,FALSE
Microsoft.Billing,billingAccounts/customers/products,FALSE,FALSE
Microsoft.Billing,billingAccounts/customers/transactions,FALSE,FALSE
Microsoft.Billing,billingAccounts/customers/transfers,FALSE,FALSE
Microsoft.Billing,billingAccounts/departments,FALSE,FALSE
Microsoft.Billing,billingAccounts/departments/billingPermissions,FALSE,FALSE
Microsoft.Billing,billingAccounts/departments/billingRoleAssignments,FALSE,FALSE
Microsoft.Billing,billingAccounts/departments/billingRoleDefinitions,FALSE,FALSE
Microsoft.Billing,billingAccounts/enrollmentAccounts,FALSE,FALSE
Microsoft.Billing,billingAccounts/enrollmentAccounts/billingPermissions,FALSE,FALSE
Microsoft.Billing,billingAccounts/enrollmentAccounts/billingRoleAssignments,FALSE,FALSE
Microsoft.Billing,billingAccounts/enrollmentAccounts/billingRoleDefinitions,FALSE,FALSE
Microsoft.Billing,billingAccounts/invoices,FALSE,FALSE
Microsoft.Billing,billingAccounts/invoices/transactions,FALSE,FALSE
Microsoft.Billing,billingAccounts/invoiceSections,FALSE,FALSE
Microsoft.Billing,billingAccounts/invoiceSections/billingSubscriptionMoveOperations,FALSE,FALSE
Microsoft.Billing,billingAccounts/invoiceSections/billingSubscriptions,FALSE,FALSE
Microsoft.Billing,billingAccounts/invoiceSections/billingSubscriptions/transfer,FALSE,FALSE
Microsoft.Billing,billingAccounts/invoiceSections/elevate,FALSE,FALSE
Microsoft.Billing,billingAccounts/invoiceSections/initiateTransfer,FALSE,FALSE
Microsoft.Billing,billingAccounts/invoiceSections/patchOperations,FALSE,FALSE
Microsoft.Billing,billingAccounts/invoiceSections/productMoveOperations,FALSE,FALSE
Microsoft.Billing,billingAccounts/invoiceSections/products,FALSE,FALSE
Microsoft.Billing,billingAccounts/invoiceSections/products/transfer,FALSE,FALSE
Microsoft.Billing,billingAccounts/invoiceSections/products/updateAutoRenew,FALSE,FALSE
Microsoft.Billing,billingAccounts/invoiceSections/transactions,FALSE,FALSE
Microsoft.Billing,billingAccounts/invoiceSections/transfers,FALSE,FALSE
Microsoft.Billing,billingAccounts/lineOfCredit,FALSE,FALSE
Microsoft.Billing,billingAccounts/patchOperations,FALSE,FALSE
Microsoft.Billing,billingAccounts/paymentMethods,FALSE,FALSE
Microsoft.Billing,billingAccounts/products,FALSE,FALSE
Microsoft.Billing,billingAccounts/reservations,FALSE,FALSE
Microsoft.Billing,billingAccounts/transactions,FALSE,FALSE
Microsoft.Billing,billingPeriods,FALSE,FALSE
Microsoft.Billing,billingPermissions,FALSE,FALSE
Microsoft.Billing,billingProperty,FALSE,FALSE
Microsoft.Billing,billingRoleAssignments,FALSE,FALSE
Microsoft.Billing,billingRoleDefinitions,FALSE,FALSE
Microsoft.Billing,createBillingRoleAssignment,FALSE,FALSE
Microsoft.Billing,departments,FALSE,FALSE
Microsoft.Billing,enrollmentAccounts,FALSE,FALSE
Microsoft.Billing,invoices,FALSE,FALSE
Microsoft.Billing,transfers,FALSE,FALSE
Microsoft.Billing,transfers/acceptTransfer,FALSE,FALSE
Microsoft.Billing,transfers/declineTransfer,FALSE,FALSE
Microsoft.Billing,transfers/operationStatus,FALSE,FALSE
Microsoft.Billing,transfers/validateTransfer,FALSE,FALSE
Microsoft.Billing,validateAddress,FALSE,FALSE
Microsoft.BingMaps,mapApis,TRUE,TRUE
Microsoft.BingMaps,updateCommunicationPreference,FALSE,FALSE
Microsoft.Blockchain,blockchainMembers,TRUE,TRUE
Microsoft.Blockchain,cordaMembers,TRUE,TRUE
Microsoft.Blockchain,watchers,TRUE,TRUE
Microsoft.BlockchainTokens,TokenServices,TRUE,TRUE
Microsoft.BlockchainTokens,TokenServices/BlockchainNetworks,FALSE,FALSE
Microsoft.BlockchainTokens,TokenServices/Groups,FALSE,FALSE
Microsoft.BlockchainTokens,TokenServices/Groups/Accounts,FALSE,FALSE
Microsoft.BlockchainTokens,TokenServices/TokenTemplates,FALSE,FALSE
Microsoft.Blueprint,blueprintAssignments,FALSE,FALSE
Microsoft.Blueprint,blueprintAssignments/assignmentOperations,FALSE,FALSE
Microsoft.Blueprint,blueprintAssignments/operations,FALSE,FALSE
Microsoft.Blueprint,blueprints,FALSE,FALSE
Microsoft.Blueprint,blueprints/artifacts,FALSE,FALSE
Microsoft.Blueprint,blueprints/versions,FALSE,FALSE
Microsoft.Blueprint,blueprints/versions/artifacts,FALSE,FALSE
Microsoft.BotService,botServices,TRUE,TRUE
Microsoft.BotService,botServices/channels,FALSE,FALSE
Microsoft.BotService,botServices/connections,FALSE,FALSE
Microsoft.BotService,languages,FALSE,FALSE
Microsoft.BotService,templates,FALSE,FALSE
Microsoft.Cache,Redis,TRUE,TRUE
Microsoft.Cache,Redis/EventGridFilters,FALSE,FALSE
Microsoft.Cache,Redis/privateEndpointConnectionProxies,FALSE,FALSE
Microsoft.Cache,Redis/privateEndpointConnectionProxies/validate,FALSE,FALSE
Microsoft.Cache,Redis/privateEndpointConnections,FALSE,FALSE
Microsoft.Cache,Redis/privateLinkResources,FALSE,FALSE
Microsoft.Cache,redisEnterprise,TRUE,TRUE
Microsoft.Cache,RedisEnterprise/privateEndpointConnectionProxies,FALSE,FALSE
Microsoft.Cache,RedisEnterprise/privateEndpointConnectionProxies/validate,FALSE,FALSE
Microsoft.Cache,RedisEnterprise/privateEndpointConnections,FALSE,FALSE
Microsoft.Cache,RedisEnterprise/privateLinkResources,FALSE,FALSE
Microsoft.Capacity,appliedReservations,FALSE,FALSE
Microsoft.Capacity,autoQuotaIncrease,FALSE,FALSE
Microsoft.Capacity,calculateExchange,FALSE,FALSE
Microsoft.Capacity,calculatePrice,FALSE,FALSE
Microsoft.Capacity,calculatePurchasePrice,FALSE,FALSE
Microsoft.Capacity,catalogs,FALSE,FALSE
Microsoft.Capacity,commercialReservationOrders,FALSE,FALSE
Microsoft.Capacity,exchange,FALSE,FALSE
Microsoft.Capacity,ownReservations,FALSE,FALSE
Microsoft.Capacity,placePurchaseOrder,FALSE,FALSE
Microsoft.Capacity,reservationOrders,FALSE,FALSE
Microsoft.Capacity,reservationOrders/calculateRefund,FALSE,FALSE
Microsoft.Capacity,reservationOrders/merge,FALSE,FALSE
Microsoft.Capacity,reservationOrders/reservations,FALSE,FALSE
Microsoft.Capacity,reservationOrders/reservations/revisions,FALSE,FALSE
Microsoft.Capacity,reservationOrders/return,FALSE,FALSE
Microsoft.Capacity,reservationOrders/split,FALSE,FALSE
Microsoft.Capacity,reservationOrders/swap,FALSE,FALSE
Microsoft.Capacity,reservations,FALSE,FALSE
Microsoft.Capacity,resourceProviders,FALSE,FALSE
Microsoft.Capacity,resources,FALSE,FALSE
Microsoft.Capacity,validateReservationOrder,FALSE,FALSE
Microsoft.Cdn,CdnWebApplicationFirewallManagedRuleSets,FALSE,FALSE
Microsoft.Cdn,CdnWebApplicationFirewallPolicies,TRUE,TRUE
Microsoft.Cdn,edgenodes,FALSE,FALSE
Microsoft.Cdn,profiles,TRUE,TRUE
Microsoft.Cdn,profiles/endpoints,TRUE,TRUE
Microsoft.Cdn,profiles/endpoints/customdomains,FALSE,FALSE
Microsoft.Cdn,profiles/endpoints/origingroups,FALSE,FALSE
Microsoft.Cdn,profiles/endpoints/origins,FALSE,FALSE
Microsoft.Cdn,validateProbe,FALSE,FALSE
Microsoft.CertificateRegistration,certificateOrders,TRUE,TRUE
Microsoft.CertificateRegistration,certificateOrders/certificates,FALSE,FALSE
Microsoft.CertificateRegistration,validateCertificateRegistrationInformation,FALSE,FALSE
Microsoft.ChangeAnalysis,profile,FALSE,FALSE
Microsoft.ChangeAnalysis,resourceChanges,FALSE,FALSE
Microsoft.ClassicCompute,capabilities,FALSE,FALSE
Microsoft.ClassicCompute,domainNames,FALSE,FALSE
Microsoft.ClassicCompute,domainNames/capabilities,FALSE,FALSE
Microsoft.ClassicCompute,domainNames/internalLoadBalancers,FALSE,FALSE
Microsoft.ClassicCompute,domainNames/serviceCertificates,FALSE,FALSE
Microsoft.ClassicCompute,domainNames/slots,FALSE,FALSE
Microsoft.ClassicCompute,domainNames/slots/roles,FALSE,FALSE
Microsoft.ClassicCompute,domainNames/slots/roles/metricDefinitions,FALSE,FALSE
Microsoft.ClassicCompute,domainNames/slots/roles/metrics,FALSE,FALSE
Microsoft.ClassicCompute,moveSubscriptionResources,FALSE,FALSE
Microsoft.ClassicCompute,operatingSystemFamilies,FALSE,FALSE
Microsoft.ClassicCompute,operatingSystems,FALSE,FALSE
Microsoft.ClassicCompute,quotas,FALSE,FALSE
Microsoft.ClassicCompute,resourceTypes,FALSE,FALSE
Microsoft.ClassicCompute,validateSubscriptionMoveAvailability,FALSE,FALSE
Microsoft.ClassicCompute,virtualMachines,FALSE,FALSE
Microsoft.ClassicCompute,virtualMachines/diagnosticSettings,FALSE,FALSE
Microsoft.ClassicCompute,virtualMachines/metricDefinitions,FALSE,FALSE
Microsoft.ClassicCompute,virtualMachines/metrics,FALSE,FALSE
Microsoft.ClassicInfrastructureMigrate,classicInfrastructureResources,FALSE,FALSE
Microsoft.ClassicNetwork,capabilities,FALSE,FALSE
Microsoft.ClassicNetwork,expressRouteCrossConnections,FALSE,FALSE
Microsoft.ClassicNetwork,expressRouteCrossConnections/peerings,FALSE,FALSE
Microsoft.ClassicNetwork,gatewaySupportedDevices,FALSE,FALSE
Microsoft.ClassicNetwork,networkSecurityGroups,FALSE,FALSE
Microsoft.ClassicNetwork,quotas,FALSE,FALSE
Microsoft.ClassicNetwork,reservedIps,FALSE,FALSE
Microsoft.ClassicNetwork,virtualNetworks,FALSE,FALSE
Microsoft.ClassicNetwork,virtualNetworks/remoteVirtualNetworkPeeringProxies,FALSE,FALSE
Microsoft.ClassicNetwork,virtualNetworks/virtualNetworkPeerings,FALSE,FALSE
Microsoft.ClassicStorage,capabilities,FALSE,FALSE
Microsoft.ClassicStorage,disks,FALSE,FALSE
Microsoft.ClassicStorage,images,FALSE,FALSE
Microsoft.ClassicStorage,osImages,FALSE,FALSE
Microsoft.ClassicStorage,osPlatformImages,FALSE,FALSE
Microsoft.ClassicStorage,publicImages,FALSE,FALSE
Microsoft.ClassicStorage,quotas,FALSE,FALSE
Microsoft.ClassicStorage,storageAccounts,FALSE,FALSE
Microsoft.ClassicStorage,storageAccounts/blobServices,FALSE,FALSE
Microsoft.ClassicStorage,storageAccounts/fileServices,FALSE,FALSE
Microsoft.ClassicStorage,storageAccounts/metricDefinitions,FALSE,FALSE
Microsoft.ClassicStorage,storageAccounts/metrics,FALSE,FALSE
Microsoft.ClassicStorage,storageAccounts/queueServices,FALSE,FALSE
Microsoft.ClassicStorage,storageAccounts/services,FALSE,FALSE
Microsoft.ClassicStorage,storageAccounts/services/diagnosticSettings,FALSE,FALSE
Microsoft.ClassicStorage,storageAccounts/services/metricDefinitions,FALSE,FALSE
Microsoft.ClassicStorage,storageAccounts/services/metrics,FALSE,FALSE
Microsoft.ClassicStorage,storageAccounts/tableServices,FALSE,FALSE
Microsoft.ClassicStorage,storageAccounts/vmImages,FALSE,FALSE
Microsoft.ClassicStorage,vmImages,FALSE,FALSE
Microsoft.Codespaces,plans,TRUE,TRUE
Microsoft.Codespaces,registeredSubscriptions,FALSE,FALSE
Microsoft.CognitiveServices,accounts,TRUE,TRUE
Microsoft.CognitiveServices,accounts/privateEndpointConnectionProxies,FALSE,FALSE
Microsoft.CognitiveServices,accounts/privateEndpointConnections,FALSE,FALSE
Microsoft.CognitiveServices,accounts/privateLinkResources,FALSE,FALSE
Microsoft.Commerce,RateCard,FALSE,FALSE
Microsoft.Commerce,UsageAggregates,FALSE,FALSE
Microsoft.Compute,availabilitySets,TRUE,TRUE
Microsoft.Compute,cloudServices,TRUE,TRUE
Microsoft.Compute,cloudServices/networkInterfaces,FALSE,FALSE
Microsoft.Compute,cloudServices/publicIPAddresses,FALSE,FALSE
Microsoft.Compute,cloudServices/roleInstances,FALSE,FALSE
Microsoft.Compute,cloudServices/roleInstances/networkInterfaces,FALSE,FALSE
Microsoft.Compute,cloudServices/roles,FALSE,FALSE
Microsoft.Compute,diskAccesses,TRUE,TRUE
Microsoft.Compute,diskEncryptionSets,TRUE,TRUE
Microsoft.Compute,disks,TRUE,TRUE
Microsoft.Compute,galleries,TRUE,TRUE
Microsoft.Compute,galleries/applications,FALSE,FALSE
Microsoft.Compute,galleries/applications/versions,FALSE,FALSE
Microsoft.Compute,galleries/images,FALSE,FALSE
Microsoft.Compute,galleries/images/versions,FALSE,FALSE
Microsoft.Compute,hostGroups,TRUE,TRUE
Microsoft.Compute,hostGroups/hosts,TRUE,TRUE
Microsoft.Compute,images,TRUE,TRUE
Microsoft.Compute,proximityPlacementGroups,TRUE,TRUE
Microsoft.Compute,restorePointCollections,TRUE,TRUE
Microsoft.Compute,restorePointCollections/restorePoints,FALSE,FALSE
Microsoft.Compute,sharedVMExtensions,TRUE,TRUE
Microsoft.Compute,sharedVMExtensions/versions,FALSE,FALSE
Microsoft.Compute,sharedVMImages,TRUE,TRUE
Microsoft.Compute,sharedVMImages/versions,FALSE,FALSE
Microsoft.Compute,snapshots,TRUE,TRUE
Microsoft.Compute,sshPublicKeys,TRUE,TRUE
Microsoft.Compute,virtualMachines,TRUE,TRUE
Microsoft.Compute,virtualMachines/extensions,TRUE,TRUE
Microsoft.Compute,virtualMachines/metricDefinitions,FALSE,FALSE
Microsoft.Compute,virtualMachines/runCommands,TRUE,TRUE
Microsoft.Compute,virtualMachineScaleSets,TRUE,TRUE
Microsoft.Compute,virtualMachineScaleSets/extensions,FALSE,FALSE
Microsoft.Compute,virtualMachineScaleSets/networkInterfaces,FALSE,FALSE
Microsoft.Compute,virtualMachineScaleSets/publicIPAddresses,FALSE,FALSE
Microsoft.Compute,virtualMachineScaleSets/virtualMachines,FALSE,FALSE
Microsoft.Compute,virtualMachineScaleSets/virtualMachines/networkInterfaces,FALSE,FALSE
Microsoft.ConnectedCache,CacheNodes,TRUE,TRUE
Microsoft.Consumption,AggregatedCost,FALSE,FALSE
Microsoft.Consumption,Balances,FALSE,FALSE
Microsoft.Consumption,Budgets,FALSE,FALSE
Microsoft.Consumption,Charges,FALSE,FALSE
Microsoft.Consumption,CostTags,FALSE,FALSE
Microsoft.Consumption,credits,FALSE,FALSE
Microsoft.Consumption,events,FALSE,FALSE
Microsoft.Consumption,Forecasts,FALSE,FALSE
Microsoft.Consumption,lots,FALSE,FALSE
Microsoft.Consumption,Marketplaces,FALSE,FALSE
Microsoft.Consumption,Pricesheets,FALSE,FALSE
Microsoft.Consumption,products,FALSE,FALSE
Microsoft.Consumption,ReservationDetails,FALSE,FALSE
Microsoft.Consumption,ReservationRecommendationDetails,FALSE,FALSE
Microsoft.Consumption,ReservationRecommendations,FALSE,FALSE
Microsoft.Consumption,ReservationSummaries,FALSE,FALSE
Microsoft.Consumption,ReservationTransactions,FALSE,FALSE
Microsoft.Consumption,Tags,FALSE,FALSE
Microsoft.Consumption,tenants,FALSE,FALSE
Microsoft.Consumption,Terms,FALSE,FALSE
Microsoft.Consumption,UsageDetails,FALSE,FALSE
Microsoft.ContainerInstance,containerGroups,TRUE,TRUE
Microsoft.ContainerInstance,serviceAssociationLinks,FALSE,FALSE
Microsoft.ContainerRegistry,registries,TRUE,TRUE
Microsoft.ContainerRegistry,registries/agentPools,TRUE,TRUE
Microsoft.ContainerRegistry,registries/builds,FALSE,FALSE
Microsoft.ContainerRegistry,registries/builds/cancel,FALSE,FALSE
Microsoft.ContainerRegistry,registries/builds/getLogLink,FALSE,FALSE
Microsoft.ContainerRegistry,registries/buildTasks,TRUE,TRUE
Microsoft.ContainerRegistry,registries/buildTasks/steps,FALSE,FALSE
Microsoft.ContainerRegistry,registries/eventGridFilters,FALSE,FALSE
Microsoft.ContainerRegistry,registries/exportPipelines,FALSE,FALSE
Microsoft.ContainerRegistry,registries/generateCredentials,FALSE,FALSE
Microsoft.ContainerRegistry,registries/getBuildSourceUploadUrl,FALSE,FALSE
Microsoft.ContainerRegistry,registries/GetCredentials,FALSE,FALSE
Microsoft.ContainerRegistry,registries/importImage,FALSE,FALSE
Microsoft.ContainerRegistry,registries/importPipelines,FALSE,FALSE
Microsoft.ContainerRegistry,registries/pipelineRuns,FALSE,FALSE
Microsoft.ContainerRegistry,registries/privateEndpointConnectionProxies,FALSE,FALSE
Microsoft.ContainerRegistry,registries/privateEndpointConnectionProxies/validate,FALSE,FALSE
Microsoft.ContainerRegistry,registries/privateEndpointConnections,FALSE,FALSE
Microsoft.ContainerRegistry,registries/privateLinkResources,FALSE,FALSE
Microsoft.ContainerRegistry,registries/queueBuild,FALSE,FALSE
Microsoft.ContainerRegistry,registries/regenerateCredential,FALSE,FALSE
Microsoft.ContainerRegistry,registries/regenerateCredentials,FALSE,FALSE
Microsoft.ContainerRegistry,registries/replications,TRUE,TRUE
Microsoft.ContainerRegistry,registries/runs,FALSE,FALSE
Microsoft.ContainerRegistry,registries/runs/cancel,FALSE,FALSE
Microsoft.ContainerRegistry,registries/scheduleRun,FALSE,FALSE
Microsoft.ContainerRegistry,registries/scopeMaps,FALSE,FALSE
Microsoft.ContainerRegistry,registries/taskRuns,FALSE,FALSE
Microsoft.ContainerRegistry,registries/tasks,TRUE,TRUE
Microsoft.ContainerRegistry,registries/tokens,FALSE,FALSE
Microsoft.ContainerRegistry,registries/updatePolicies,FALSE,FALSE
Microsoft.ContainerRegistry,registries/webhooks,TRUE,TRUE
Microsoft.ContainerRegistry,registries/webhooks/getCallbackConfig,FALSE,FALSE
Microsoft.ContainerRegistry,registries/webhooks/ping,FALSE,FALSE
Microsoft.ContainerService,containerServices,TRUE,TRUE
Microsoft.ContainerService,managedClusters,TRUE,TRUE
Microsoft.ContainerService,openShiftManagedClusters,TRUE,TRUE
Microsoft.CostManagement,Alerts,FALSE,FALSE
Microsoft.CostManagement,BillingAccounts,FALSE,FALSE
Microsoft.CostManagement,Budgets,FALSE,FALSE
Microsoft.CostManagement,CloudConnectors,FALSE,FALSE
Microsoft.CostManagement,Connectors,TRUE,TRUE
Microsoft.CostManagement,costAllocationRules,FALSE,FALSE
Microsoft.CostManagement,Departments,FALSE,FALSE
Microsoft.CostManagement,Dimensions,FALSE,FALSE
Microsoft.CostManagement,EnrollmentAccounts,FALSE,FALSE
Microsoft.CostManagement,Exports,FALSE,FALSE
Microsoft.CostManagement,ExternalBillingAccounts,FALSE,FALSE
Microsoft.CostManagement,ExternalBillingAccounts/Alerts,FALSE,FALSE
Microsoft.CostManagement,ExternalBillingAccounts/Dimensions,FALSE,FALSE
Microsoft.CostManagement,ExternalBillingAccounts/Forecast,FALSE,FALSE
Microsoft.CostManagement,ExternalBillingAccounts/Query,FALSE,FALSE
Microsoft.CostManagement,ExternalSubscriptions,FALSE,FALSE
Microsoft.CostManagement,ExternalSubscriptions/Alerts,FALSE,FALSE
Microsoft.CostManagement,ExternalSubscriptions/Dimensions,FALSE,FALSE
Microsoft.CostManagement,ExternalSubscriptions/Forecast,FALSE,FALSE
Microsoft.CostManagement,ExternalSubscriptions/Query,FALSE,FALSE
Microsoft.CostManagement,Forecast,FALSE,FALSE
Microsoft.CostManagement,Insights,FALSE,FALSE
Microsoft.CostManagement,Query,FALSE,FALSE
Microsoft.CostManagement,register,FALSE,FALSE
Microsoft.CostManagement,Reportconfigs,FALSE,FALSE
Microsoft.CostManagement,Reports,FALSE,FALSE
Microsoft.CostManagement,Settings,FALSE,FALSE
Microsoft.CostManagement,showbackRules,FALSE,FALSE
Microsoft.CostManagement,Views,FALSE,FALSE
Microsoft.CustomerLockbox,requests,FALSE,FALSE
Microsoft.CustomProviders,associations,FALSE,FALSE
Microsoft.CustomProviders,resourceProviders,TRUE,TRUE
Microsoft.D365CustomerInsights,instances,TRUE,TRUE
Microsoft.DataBox,jobs,TRUE,TRUE
Microsoft.DataBoxEdge,DataBoxEdgeDevices,TRUE,TRUE
Microsoft.Databricks,workspaces,TRUE,TRUE
Microsoft.Databricks,workspaces/dbWorkspaces,FALSE,FALSE
Microsoft.Databricks,workspaces/storageEncryption,FALSE,FALSE
Microsoft.Databricks,workspaces/virtualNetworkPeerings,FALSE,FALSE
Microsoft.DataCatalog,catalogs,TRUE,TRUE
Microsoft.DataFactory,dataFactories,TRUE,TRUE
Microsoft.DataFactory,dataFactories/diagnosticSettings,FALSE,FALSE
Microsoft.DataFactory,dataFactories/metricDefinitions,FALSE,FALSE
Microsoft.DataFactory,dataFactorySchema,FALSE,FALSE
Microsoft.DataFactory,factories,TRUE,TRUE
Microsoft.DataFactory,factories/integrationRuntimes,FALSE,FALSE
Microsoft.DataLakeAnalytics,accounts,TRUE,TRUE
Microsoft.DataLakeAnalytics,accounts/dataLakeStoreAccounts,FALSE,FALSE
Microsoft.DataLakeAnalytics,accounts/storageAccounts,FALSE,FALSE
Microsoft.DataLakeAnalytics,accounts/storageAccounts/containers,FALSE,FALSE
Microsoft.DataLakeAnalytics,accounts/transferAnalyticsUnits,FALSE,FALSE
Microsoft.DataLakeStore,accounts,TRUE,TRUE
Microsoft.DataLakeStore,accounts/eventGridFilters,FALSE,FALSE
Microsoft.DataLakeStore,accounts/firewallRules,FALSE,FALSE
Microsoft.DataMigration,services,FALSE,FALSE
Microsoft.DataMigration,services/projects,FALSE,FALSE
Microsoft.DataProtection,BackupVaults,TRUE,TRUE
Microsoft.DataProtection,ResourceOperationGateKeepers,TRUE,TRUE
Microsoft.DataShare,accounts,TRUE,TRUE
Microsoft.DataShare,accounts/shares,FALSE,FALSE
Microsoft.DataShare,accounts/shares/datasets,FALSE,FALSE
Microsoft.DataShare,accounts/shares/invitations,FALSE,FALSE
Microsoft.DataShare,accounts/shares/providersharesubscriptions,FALSE,FALSE
Microsoft.DataShare,accounts/shares/synchronizationSettings,FALSE,FALSE
Microsoft.DataShare,accounts/sharesubscriptions,FALSE,FALSE
Microsoft.DataShare,accounts/sharesubscriptions/consumerSourceDataSets,FALSE,FALSE
Microsoft.DataShare,accounts/sharesubscriptions/datasetmappings,FALSE,FALSE
Microsoft.DataShare,accounts/sharesubscriptions/triggers,FALSE,FALSE
Microsoft.DBforMariaDB,servers,TRUE,TRUE
Microsoft.DBforMariaDB,servers/advisors,FALSE,FALSE
Microsoft.DBforMariaDB,servers/keys,FALSE,FALSE
Microsoft.DBforMariaDB,servers/privateEndpointConnectionProxies,FALSE,FALSE
Microsoft.DBforMariaDB,servers/privateEndpointConnections,FALSE,FALSE
Microsoft.DBforMariaDB,servers/privateLinkResources,FALSE,FALSE
Microsoft.DBforMariaDB,servers/queryTexts,FALSE,FALSE
Microsoft.DBforMariaDB,servers/recoverableServers,FALSE,FALSE
Microsoft.DBforMariaDB,servers/start,FALSE,FALSE
Microsoft.DBforMariaDB,servers/stop,FALSE,FALSE
Microsoft.DBforMariaDB,servers/topQueryStatistics,FALSE,FALSE
Microsoft.DBforMariaDB,servers/virtualNetworkRules,FALSE,FALSE
Microsoft.DBforMariaDB,servers/waitStatistics,FALSE,FALSE
Microsoft.DBforMySQL,flexibleServers,TRUE,TRUE
Microsoft.DBforMySQL,servers,TRUE,TRUE
Microsoft.DBforMySQL,servers/advisors,FALSE,FALSE
Microsoft.DBforMySQL,servers/keys,FALSE,FALSE
Microsoft.DBforMySQL,servers/privateEndpointConnectionProxies,FALSE,FALSE
Microsoft.DBforMySQL,servers/privateEndpointConnections,FALSE,FALSE
Microsoft.DBforMySQL,servers/privateLinkResources,FALSE,FALSE
Microsoft.DBforMySQL,servers/queryTexts,FALSE,FALSE
Microsoft.DBforMySQL,servers/recoverableServers,FALSE,FALSE
Microsoft.DBforMySQL,servers/start,FALSE,FALSE
Microsoft.DBforMySQL,servers/stop,FALSE,FALSE
Microsoft.DBforMySQL,servers/topQueryStatistics,FALSE,FALSE
Microsoft.DBforMySQL,servers/upgrade,FALSE,FALSE
Microsoft.DBforMySQL,servers/virtualNetworkRules,FALSE,FALSE
Microsoft.DBforMySQL,servers/waitStatistics,FALSE,FALSE
Microsoft.DBforPostgreSQL,flexibleServers,TRUE,TRUE
Microsoft.DBforPostgreSQL,serverGroups,TRUE,TRUE
Microsoft.DBforPostgreSQL,servers,TRUE,TRUE
Microsoft.DBforPostgreSQL,servers/advisors,FALSE,FALSE
Microsoft.DBforPostgreSQL,servers/keys,FALSE,FALSE
Microsoft.DBforPostgreSQL,servers/privateEndpointConnectionProxies,FALSE,FALSE
Microsoft.DBforPostgreSQL,servers/privateEndpointConnections,FALSE,FALSE
Microsoft.DBforPostgreSQL,servers/privateLinkResources,FALSE,FALSE
Microsoft.DBforPostgreSQL,servers/queryTexts,FALSE,FALSE
Microsoft.DBforPostgreSQL,servers/recoverableServers,FALSE,FALSE
Microsoft.DBforPostgreSQL,servers/topQueryStatistics,FALSE,FALSE
Microsoft.DBforPostgreSQL,servers/virtualNetworkRules,FALSE,FALSE
Microsoft.DBforPostgreSQL,servers/waitStatistics,FALSE,FALSE
Microsoft.DBforPostgreSQL,serversv2,TRUE,TRUE
Microsoft.DeploymentManager,artifactSources,TRUE,TRUE
Microsoft.DeploymentManager,rollouts,TRUE,TRUE
Microsoft.DeploymentManager,serviceTopologies,TRUE,TRUE
Microsoft.DeploymentManager,serviceTopologies/services,TRUE,TRUE
Microsoft.DeploymentManager,serviceTopologies/services/serviceUnits,TRUE,TRUE
Microsoft.DeploymentManager,steps,TRUE,TRUE
Microsoft.DesktopVirtualization,applicationgroups,TRUE,TRUE
Microsoft.DesktopVirtualization,applicationgroups/applications,FALSE,FALSE
Microsoft.DesktopVirtualization,applicationgroups/desktops,FALSE,FALSE
Microsoft.DesktopVirtualization,applicationgroups/startmenuitems,FALSE,FALSE
Microsoft.DesktopVirtualization,hostpools,TRUE,TRUE
Microsoft.DesktopVirtualization,hostpools/sessionhosts,FALSE,FALSE
Microsoft.DesktopVirtualization,hostpools/sessionhosts/usersessions,FALSE,FALSE
Microsoft.DesktopVirtualization,hostpools/usersessions,FALSE,FALSE
Microsoft.DesktopVirtualization,workspaces,TRUE,TRUE
Microsoft.Devices,ElasticPools,TRUE,TRUE
Microsoft.Devices,ElasticPools/IotHubTenants,TRUE,TRUE
Microsoft.Devices,ElasticPools/IotHubTenants/securitySettings,FALSE,FALSE
Microsoft.Devices,IotHubs,TRUE,TRUE
Microsoft.Devices,IotHubs/eventGridFilters,FALSE,FALSE
Microsoft.Devices,IotHubs/securitySettings,FALSE,FALSE
Microsoft.Devices,ProvisioningServices,TRUE,TRUE
Microsoft.Devices,usages,FALSE,FALSE
Microsoft.DeviceUpdate,accounts,TRUE,TRUE
Microsoft.DeviceUpdate,accounts/instances,TRUE,TRUE
Microsoft.DevOps,pipelines,TRUE,TRUE
Microsoft.DevSpaces,controllers,TRUE,TRUE
Microsoft.DevTestLab,labcenters,TRUE,TRUE
Microsoft.DevTestLab,labs,TRUE,TRUE
Microsoft.DevTestLab,labs/environments,TRUE,TRUE
Microsoft.DevTestLab,labs/serviceRunners,TRUE,TRUE
Microsoft.DevTestLab,labs/virtualMachines,TRUE,TRUE
Microsoft.DevTestLab,schedules,TRUE,TRUE
Microsoft.DigitalTwins,digitalTwinsInstances,TRUE,TRUE
Microsoft.DigitalTwins,digitalTwinsInstances/endpoints,FALSE,FALSE
Microsoft.DocumentDB,databaseAccountNames,FALSE,FALSE
Microsoft.DocumentDB,databaseAccounts,TRUE,TRUE
Microsoft.DocumentDB,restorableDatabaseAccounts,FALSE,FALSE
Microsoft.DomainRegistration,domains,TRUE,TRUE
Microsoft.DomainRegistration,domains/domainOwnershipIdentifiers,FALSE,FALSE
Microsoft.DomainRegistration,generateSsoRequest,FALSE,FALSE
Microsoft.DomainRegistration,topLevelDomains,FALSE,FALSE
Microsoft.DomainRegistration,validateDomainRegistrationInformation,FALSE,FALSE
Microsoft.DynamicsLcs,lcsprojects,FALSE,FALSE
Microsoft.DynamicsLcs,lcsprojects/clouddeployments,FALSE,FALSE
Microsoft.DynamicsLcs,lcsprojects/connectors,FALSE,FALSE
Microsoft.EnterpriseKnowledgeGraph,services,TRUE,TRUE
Microsoft.EventGrid,domains,TRUE,TRUE
Microsoft.EventGrid,domains/topics,FALSE,FALSE
Microsoft.EventGrid,eventSubscriptions,FALSE,FALSE
Microsoft.EventGrid,extensionTopics,FALSE,FALSE
Microsoft.EventGrid,partnerNamespaces,TRUE,TRUE
Microsoft.EventGrid,partnerNamespaces/eventChannels,FALSE,FALSE
Microsoft.EventGrid,partnerRegistrations,TRUE,TRUE
Microsoft.EventGrid,partnerTopics,TRUE,TRUE
Microsoft.EventGrid,partnerTopics/eventSubscriptions,FALSE,FALSE
Microsoft.EventGrid,systemTopics,TRUE,TRUE
Microsoft.EventGrid,systemTopics/eventSubscriptions,FALSE,FALSE
Microsoft.EventGrid,topics,TRUE,TRUE
Microsoft.EventGrid,topicTypes,FALSE,FALSE
Microsoft.EventHub,clusters,TRUE,TRUE
Microsoft.EventHub,namespaces,TRUE,TRUE
Microsoft.EventHub,namespaces/authorizationrules,FALSE,FALSE
Microsoft.EventHub,namespaces/disasterrecoveryconfigs,FALSE,FALSE
Microsoft.EventHub,namespaces/eventhubs,FALSE,FALSE
Microsoft.EventHub,namespaces/eventhubs/authorizationrules,FALSE,FALSE
Microsoft.EventHub,namespaces/eventhubs/consumergroups,FALSE,FALSE
Microsoft.EventHub,namespaces/networkrulesets,FALSE,FALSE
Microsoft.EventHub,namespaces/privateEndpointConnections,FALSE,FALSE
Microsoft.Experimentation,experimentWorkspaces,TRUE,TRUE
Microsoft.Falcon,namespaces,TRUE,TRUE
Microsoft.Features,featureProviders,FALSE,FALSE
Microsoft.Features,features,FALSE,FALSE
Microsoft.Features,providers,FALSE,FALSE
Microsoft.Features,subscriptionFeatureRegistrations,FALSE,FALSE
Microsoft.Gallery,enroll,FALSE,FALSE
Microsoft.Gallery,galleryitems,FALSE,FALSE
Microsoft.Gallery,generateartifactaccessuri,FALSE,FALSE
Microsoft.Gallery,myareas,FALSE,FALSE
Microsoft.Gallery,myareas/areas,FALSE,FALSE
Microsoft.Gallery,myareas/areas/areas,FALSE,FALSE
Microsoft.Gallery,myareas/areas/areas/galleryitems,FALSE,FALSE
Microsoft.Gallery,myareas/areas/galleryitems,FALSE,FALSE
Microsoft.Gallery,myareas/galleryitems,FALSE,FALSE
Microsoft.Gallery,register,FALSE,FALSE
Microsoft.Gallery,resources,FALSE,FALSE
Microsoft.Gallery,retrieveresourcesbyid,FALSE,FALSE
Microsoft.Genomics,accounts,TRUE,TRUE
Microsoft.GuestConfiguration,autoManagedAccounts,TRUE,TRUE
Microsoft.GuestConfiguration,autoManagedVmConfigurationProfiles,TRUE,TRUE
Microsoft.GuestConfiguration,configurationProfileAssignments,FALSE,FALSE
Microsoft.GuestConfiguration,guestConfigurationAssignments,FALSE,FALSE
Microsoft.GuestConfiguration,software,FALSE,FALSE
Microsoft.GuestConfiguration,softwareUpdateProfile,FALSE,FALSE
Microsoft.GuestConfiguration,softwareUpdates,FALSE,FALSE
Microsoft.HanaOnAzure,hanaInstances,TRUE,TRUE
Microsoft.HanaOnAzure,sapMonitors,TRUE,TRUE
Microsoft.HardwareSecurityModules,dedicatedHSMs,TRUE,TRUE
Microsoft.HDInsight,clusters,TRUE,TRUE
Microsoft.HDInsight,clusters/applications,FALSE,FALSE
Microsoft.HealthcareApis,services,TRUE,TRUE
Microsoft.HealthcareApis,services/iomtconnectors,FALSE,FALSE
Microsoft.HealthcareApis,services/iomtconnectors/connections,FALSE,FALSE
Microsoft.HealthcareApis,services/iomtconnectors/mappings,FALSE,FALSE
Microsoft.HealthcareApis,services/privateEndpointConnectionProxies,FALSE,FALSE
Microsoft.HealthcareApis,services/privateEndpointConnections,FALSE,FALSE
Microsoft.HealthcareApis,services/privateLinkResources,FALSE,FALSE
Microsoft.HybridCompute,machines,TRUE,TRUE
Microsoft.HybridCompute,machines/assessPatches,FALSE,FALSE
Microsoft.HybridCompute,machines/extensions,TRUE,TRUE
Microsoft.HybridCompute,machines/installPatches,FALSE,FALSE
Microsoft.HybridData,dataManagers,TRUE,TRUE
Microsoft.HybridNetwork,devices,TRUE,TRUE
Microsoft.HybridNetwork,registeredSubscriptions,FALSE,FALSE
Microsoft.HybridNetwork,vendors,FALSE,FALSE
Microsoft.HybridNetwork,vendors/vendorskus,FALSE,FALSE
Microsoft.HybridNetwork,vendors/vendorskus/previewSubscriptions,FALSE,FALSE
Microsoft.HybridNetwork,virtualnetworkfunctions,TRUE,TRUE
Microsoft.HybridNetwork,virtualnetworkfunctionvendors,FALSE,FALSE
Microsoft.Hydra,components,TRUE,TRUE
Microsoft.Hydra,networkScopes,TRUE,TRUE
Microsoft.ImportExport,jobs,TRUE,TRUE
Microsoft.Insights,actionGroups,TRUE,TRUE
Microsoft.Insights,activityLogAlerts,TRUE,TRUE
Microsoft.Insights,alertrules,TRUE,TRUE
Microsoft.Insights,autoscalesettings,TRUE,TRUE
Microsoft.Insights,components,TRUE,TRUE
Microsoft.Insights,components/linkedStorageAccounts,FALSE,FALSE
Microsoft.Insights,components/ProactiveDetectionConfigs,FALSE,FALSE
Microsoft.Insights,diagnosticSettings,FALSE,FALSE
Microsoft.Insights,guestDiagnosticSettings,TRUE,TRUE
Microsoft.Insights,guestDiagnosticSettingsAssociation,TRUE,TRUE
Microsoft.Insights,logprofiles,TRUE,TRUE
Microsoft.Insights,metricAlerts,TRUE,TRUE
Microsoft.Insights,privateLinkScopes,TRUE,TRUE
Microsoft.Insights,privateLinkScopes/privateEndpointConnections,FALSE,FALSE
Microsoft.Insights,privateLinkScopes/scopedResources,FALSE,FALSE
Microsoft.Insights,queryPacks,TRUE,TRUE
Microsoft.Insights,queryPacks/queries,FALSE,FALSE
Microsoft.Insights,scheduledQueryRules,TRUE,TRUE
Microsoft.Insights,webtests,TRUE,TRUE
Microsoft.Insights,workbooks,TRUE,TRUE
Microsoft.Insights,workbooktemplates,TRUE,TRUE
Microsoft.Intune,diagnosticSettings,FALSE,FALSE
Microsoft.Intune,diagnosticSettingsCategories,FALSE,FALSE
Microsoft.IoTCentral,appTemplates,FALSE,FALSE
Microsoft.IoTCentral,IoTApps,TRUE,TRUE
Microsoft.IoTSpaces,Graph,TRUE,TRUE
Microsoft.KeyVault,deletedVaults,FALSE,FALSE
Microsoft.KeyVault,hsmPools,TRUE,TRUE
Microsoft.KeyVault,managedHSMs,TRUE,TRUE
Microsoft.KeyVault,vaults,TRUE,TRUE
Microsoft.KeyVault,vaults/accessPolicies,FALSE,FALSE
Microsoft.KeyVault,vaults/eventGridFilters,FALSE,FALSE
Microsoft.KeyVault,vaults/keys,FALSE,FALSE
Microsoft.KeyVault,vaults/keys/versions,FALSE,FALSE
Microsoft.KeyVault,vaults/secrets,FALSE,FALSE
Microsoft.Kubernetes,connectedClusters,TRUE,TRUE
Microsoft.Kubernetes,registeredSubscriptions,FALSE,FALSE
Microsoft.KubernetesConfiguration,extensions,FALSE,FALSE
Microsoft.KubernetesConfiguration,sourceControlConfigurations,FALSE,FALSE
Microsoft.Kusto,clusters,TRUE,TRUE
Microsoft.Kusto,clusters/attacheddatabaseconfigurations,FALSE,FALSE
Microsoft.Kusto,clusters/databases,FALSE,FALSE
Microsoft.Kusto,clusters/databases/dataconnections,FALSE,FALSE
Microsoft.Kusto,clusters/databases/eventhubconnections,FALSE,FALSE
Microsoft.Kusto,clusters/databases/principalassignments,FALSE,FALSE
Microsoft.Kusto,clusters/dataconnections,FALSE,FALSE
Microsoft.Kusto,clusters/principalassignments,FALSE,FALSE
Microsoft.Kusto,clusters/sharedidentities,FALSE,FALSE
Microsoft.LabServices,labaccounts,TRUE,TRUE
Microsoft.LabServices,users,FALSE,FALSE
Microsoft.Logic,hostingEnvironments,TRUE,TRUE
Microsoft.Logic,integrationAccounts,TRUE,TRUE
Microsoft.Logic,integrationServiceEnvironments,TRUE,TRUE
Microsoft.Logic,integrationServiceEnvironments/managedApis,FALSE,FALSE
Microsoft.Logic,isolatedEnvironments,TRUE,TRUE
Microsoft.Logic,workflows,TRUE,TRUE
Microsoft.MachineLearning,commitmentPlans,TRUE,TRUE
Microsoft.MachineLearning,webServices,TRUE,TRUE
Microsoft.MachineLearning,Workspaces,TRUE,TRUE
Microsoft.MachineLearningServices,workspaces,TRUE,TRUE
Microsoft.MachineLearningServices,workspaces/codeJobs,FALSE,FALSE
Microsoft.MachineLearningServices,workspaces/computes,FALSE,FALSE
Microsoft.MachineLearningServices,workspaces/eventGridFilters,FALSE,FALSE
Microsoft.MachineLearningServices,workspaces/inferenceEndpoints,TRUE,TRUE
Microsoft.MachineLearningServices,workspaces/inferenceEndpoints/deployments,TRUE,TRUE
Microsoft.MachineLearningServices,workspaces/linkedServices,FALSE,FALSE
Microsoft.Maintenance,applyUpdates,FALSE,FALSE
Microsoft.Maintenance,configurationAssignments,FALSE,FALSE
Microsoft.Maintenance,maintenanceConfigurations,TRUE,TRUE
Microsoft.Maintenance,publicMaintenanceConfigurations,FALSE,FALSE
Microsoft.Maintenance,updates,FALSE,FALSE
Microsoft.ManagedIdentity,Identities,FALSE,FALSE
Microsoft.ManagedIdentity,userAssignedIdentities,TRUE,TRUE
Microsoft.ManagedNetwork,managedNetworks,TRUE,TRUE
Microsoft.ManagedNetwork,managedNetworks/managedNetworkGroups,TRUE,TRUE
Microsoft.ManagedNetwork,managedNetworks/managedNetworkPeeringPolicies,TRUE,TRUE
Microsoft.ManagedNetwork,notification,TRUE,TRUE
Microsoft.ManagedServices,marketplaceRegistrationDefinitions,FALSE,FALSE
Microsoft.ManagedServices,registrationAssignments,FALSE,FALSE
Microsoft.ManagedServices,registrationDefinitions,FALSE,FALSE
Microsoft.Management,getEntities,FALSE,FALSE
Microsoft.Management,managementGroups,FALSE,FALSE
Microsoft.Management,managementGroups/settings,FALSE,FALSE
Microsoft.Management,resources,FALSE,FALSE
Microsoft.Management,startTenantBackfill,FALSE,FALSE
Microsoft.Management,tenantBackfillStatus,FALSE,FALSE
Microsoft.Maps,accounts,TRUE,TRUE
Microsoft.Maps,accounts/eventGridFilters,FALSE,FALSE
Microsoft.Maps,accounts/privateAtlases,TRUE,TRUE
Microsoft.Marketplace,macc,FALSE,FALSE
Microsoft.Marketplace,offers,FALSE,FALSE
Microsoft.Marketplace,offerTypes,FALSE,FALSE
Microsoft.Marketplace,offerTypes/publishers,FALSE,FALSE
Microsoft.Marketplace,offerTypes/publishers/offers,FALSE,FALSE
Microsoft.Marketplace,offerTypes/publishers/offers/plans,FALSE,FALSE
Microsoft.Marketplace,offerTypes/publishers/offers/plans/agreements,FALSE,FALSE
Microsoft.Marketplace,offerTypes/publishers/offers/plans/configs,FALSE,FALSE
Microsoft.Marketplace,offerTypes/publishers/offers/plans/configs/importImage,FALSE,FALSE
Microsoft.Marketplace,privategalleryitems,FALSE,FALSE
Microsoft.Marketplace,privateStoreClient,FALSE,FALSE
Microsoft.Marketplace,privateStores,FALSE,FALSE
Microsoft.Marketplace,privateStores/offers,FALSE,FALSE
Microsoft.Marketplace,products,FALSE,FALSE
Microsoft.Marketplace,publishers,FALSE,FALSE
Microsoft.Marketplace,publishers/offers,FALSE,FALSE
Microsoft.Marketplace,publishers/offers/amendments,FALSE,FALSE
Microsoft.Marketplace,register,FALSE,FALSE
Microsoft.MarketplaceApps,classicDevServices,TRUE,TRUE
Microsoft.MarketplaceApps,updateCommunicationPreference,FALSE,FALSE
Microsoft.MarketplaceOrdering,agreements,FALSE,FALSE
Microsoft.MarketplaceOrdering,offertypes,FALSE,FALSE
Microsoft.Media,mediaservices,TRUE,TRUE
Microsoft.Media,mediaservices/accountFilters,FALSE,FALSE
Microsoft.Media,mediaservices/assets,FALSE,FALSE
Microsoft.Media,mediaservices/assets/assetFilters,FALSE,FALSE
Microsoft.Media,mediaservices/contentKeyPolicies,FALSE,FALSE
Microsoft.Media,mediaservices/eventGridFilters,FALSE,FALSE
Microsoft.Media,mediaservices/liveEventOperations,FALSE,FALSE
Microsoft.Media,mediaservices/liveEvents,TRUE,TRUE
Microsoft.Media,mediaservices/liveEvents/liveOutputs,FALSE,FALSE
Microsoft.Media,mediaservices/liveOutputOperations,FALSE,FALSE
Microsoft.Media,mediaservices/mediaGraphs,FALSE,FALSE
Microsoft.Media,mediaservices/privateEndpointConnectionOperations,FALSE,FALSE
Microsoft.Media,mediaservices/privateEndpointConnectionProxies,FALSE,FALSE
Microsoft.Media,mediaservices/privateEndpointConnections,FALSE,FALSE
Microsoft.Media,mediaservices/streamingEndpointOperations,FALSE,FALSE
Microsoft.Media,mediaservices/streamingEndpoints,TRUE,TRUE
Microsoft.Media,mediaservices/streamingLocators,FALSE,FALSE
Microsoft.Media,mediaservices/streamingPolicies,FALSE,FALSE
Microsoft.Media,mediaservices/transforms,FALSE,FALSE
Microsoft.Media,mediaservices/transforms/jobs,FALSE,FALSE
Microsoft.Microservices4Spring,appClusters,TRUE,TRUE
Microsoft.Migrate,assessmentProjects,TRUE,TRUE
Microsoft.Migrate,migrateprojects,TRUE,TRUE
Microsoft.Migrate,moveCollections,TRUE,TRUE
Microsoft.Migrate,projects,TRUE,TRUE
Microsoft.MixedReality,holographicsBroadcastAccounts,TRUE,TRUE
Microsoft.MixedReality,objectUnderstandingAccounts,TRUE,TRUE
Microsoft.MixedReality,remoteRenderingAccounts,TRUE,TRUE
Microsoft.MixedReality,spatialAnchorsAccounts,TRUE,TRUE
Microsoft.NetApp,netAppAccounts,TRUE,FALSE
Microsoft.NetApp,netAppAccounts/accountBackups,FALSE,FALSE
Microsoft.NetApp,netAppAccounts/capacityPools,TRUE,FALSE
Microsoft.NetApp,netAppAccounts/capacityPools/volumes,TRUE,FALSE
Microsoft.NetApp,netAppAccounts/capacityPools/volumes/snapshots,FALSE,FALSE
Microsoft.Network,applicationGateways,TRUE,TRUE
Microsoft.Network,applicationGatewayWebApplicationFirewallPolicies,TRUE,TRUE
Microsoft.Network,applicationSecurityGroups,TRUE,TRUE
Microsoft.Network,azureFirewallFqdnTags,FALSE,FALSE
Microsoft.Network,azureFirewalls,TRUE,FALSE
Microsoft.Network,bastionHosts,TRUE,FALSE
Microsoft.Network,bgpServiceCommunities,FALSE,FALSE
Microsoft.Network,connections,TRUE,TRUE
Microsoft.Network,ddosCustomPolicies,TRUE,TRUE
Microsoft.Network,ddosProtectionPlans,TRUE,TRUE
Microsoft.Network,dnsOperationStatuses,FALSE,FALSE
Microsoft.Network,dnszones,TRUE,TRUE
Microsoft.Network,dnszones/A,FALSE,FALSE
Microsoft.Network,dnszones/AAAA,FALSE,FALSE
Microsoft.Network,dnszones/all,FALSE,FALSE
Microsoft.Network,dnszones/CAA,FALSE,FALSE
Microsoft.Network,dnszones/CNAME,FALSE,FALSE
Microsoft.Network,dnszones/MX,FALSE,FALSE
Microsoft.Network,dnszones/NS,FALSE,FALSE
Microsoft.Network,dnszones/PTR,FALSE,FALSE
Microsoft.Network,dnszones/recordsets,FALSE,FALSE
Microsoft.Network,dnszones/SOA,FALSE,FALSE
Microsoft.Network,dnszones/SRV,FALSE,FALSE
Microsoft.Network,dnszones/TXT,FALSE,FALSE
Microsoft.Network,expressRouteCircuits,TRUE,TRUE
Microsoft.Network,expressRouteCrossConnections,TRUE,TRUE
Microsoft.Network,expressRouteGateways,TRUE,TRUE
Microsoft.Network,expressRoutePorts,TRUE,TRUE
Microsoft.Network,expressRouteServiceProviders,FALSE,FALSE
Microsoft.Network,firewallPolicies,TRUE,TRUE
Microsoft.Network,frontdoors,TRUE,TRUE
Microsoft.Network,frontdoorWebApplicationFirewallManagedRuleSets,TRUE,FALSE
Microsoft.Network,frontdoorWebApplicationFirewallPolicies,TRUE,TRUE
Microsoft.Network,getDnsResourceReference,FALSE,FALSE
Microsoft.Network,internalNotify,FALSE,FALSE
Microsoft.Network,ipGroups,TRUE,TRUE
Microsoft.Network,loadBalancers,TRUE,TRUE
Microsoft.Network,localNetworkGateways,TRUE,TRUE
Microsoft.Network,natGateways,TRUE,TRUE
Microsoft.Network,networkIntentPolicies,TRUE,TRUE
Microsoft.Network,networkInterfaces,TRUE,TRUE
Microsoft.Network,networkProfiles,TRUE,TRUE
Microsoft.Network,networkSecurityGroups,TRUE,TRUE
Microsoft.Network,networkWatchers,TRUE,TRUE
Microsoft.Network,networkWatchers/connectionMonitors,TRUE,FALSE
Microsoft.Network,networkWatchers/flowLogs,FALSE,FALSE
Microsoft.Network,networkWatchers/lenses,TRUE,FALSE
Microsoft.Network,networkWatchers/pingMeshes,TRUE,FALSE
Microsoft.Network,p2sVpnGateways,TRUE,TRUE
Microsoft.Network,privateDnsOperationStatuses,FALSE,FALSE
Microsoft.Network,privateDnsZones,TRUE,TRUE
Microsoft.Network,privateDnsZones/A,FALSE,FALSE
Microsoft.Network,privateDnsZones/AAAA,FALSE,FALSE
Microsoft.Network,privateDnsZones/all,FALSE,FALSE
Microsoft.Network,privateDnsZones/CNAME,FALSE,FALSE
Microsoft.Network,privateDnsZones/MX,FALSE,FALSE
Microsoft.Network,privateDnsZones/PTR,FALSE,FALSE
Microsoft.Network,privateDnsZones/SOA,FALSE,FALSE
Microsoft.Network,privateDnsZones/SRV,FALSE,FALSE
Microsoft.Network,privateDnsZones/TXT,FALSE,FALSE
Microsoft.Network,privateDnsZones/virtualNetworkLinks,TRUE,TRUE
Microsoft.Network,privateEndpoints,TRUE,TRUE
Microsoft.Network,privateLinkServices,TRUE,TRUE
Microsoft.Network,publicIPAddresses,TRUE,TRUE
Microsoft.Network,publicIPPrefixes,TRUE,TRUE
Microsoft.Network,routeFilters,TRUE,TRUE
Microsoft.Network,routeTables,TRUE,TRUE
Microsoft.Network,serviceEndpointPolicies,TRUE,TRUE
Microsoft.Network,trafficManagerGeographicHierarchies,FALSE,FALSE
Microsoft.Network,trafficmanagerprofiles,TRUE,TRUE
Microsoft.Network,trafficmanagerprofiles/heatMaps,FALSE,FALSE
Microsoft.Network,trafficManagerUserMetricsKeys,FALSE,FALSE
Microsoft.Network,virtualHubs,TRUE,TRUE
Microsoft.Network,virtualNetworkGateways,TRUE,TRUE
Microsoft.Network,virtualNetworks,TRUE,TRUE
Microsoft.Network,virtualNetworks/subnets,FALSE,FALSE
Microsoft.Network,virtualNetworkTaps,TRUE,TRUE
Microsoft.Network,virtualWans,TRUE,FALSE
Microsoft.Network,vpnGateways,TRUE,TRUE
Microsoft.Network,vpnSites,TRUE,TRUE
Microsoft.Network,webApplicationFirewallPolicies,TRUE,TRUE
Microsoft.Notebooks,NotebookProxies,FALSE,FALSE
Microsoft.NotificationHubs,namespaces,TRUE,FALSE
Microsoft.NotificationHubs,namespaces/notificationHubs,TRUE,FALSE
Microsoft.ObjectStore,osNamespaces,TRUE,TRUE
Microsoft.OffAzure,HyperVSites,TRUE,TRUE
Microsoft.OffAzure,ImportSites,TRUE,TRUE
Microsoft.OffAzure,MasterSites,TRUE,TRUE
Microsoft.OffAzure,ServerSites,TRUE,TRUE
Microsoft.OffAzure,VMwareSites,TRUE,TRUE
Microsoft.OperationalInsights,clusters,TRUE,TRUE
Microsoft.OperationalInsights,deletedWorkspaces,FALSE,FALSE
Microsoft.OperationalInsights,linkTargets,FALSE,FALSE
Microsoft.OperationalInsights,storageInsightConfigs,FALSE,FALSE
Microsoft.OperationalInsights,workspaces,TRUE,TRUE
Microsoft.OperationalInsights,workspaces/dataExports,FALSE,FALSE
Microsoft.OperationalInsights,workspaces/dataSources,FALSE,FALSE
Microsoft.OperationalInsights,workspaces/linkedServices,FALSE,FALSE
Microsoft.OperationalInsights,workspaces/linkedStorageAccounts,FALSE,FALSE
Microsoft.OperationalInsights,workspaces/metadata,FALSE,FALSE
Microsoft.OperationalInsights,workspaces/query,FALSE,FALSE
Microsoft.OperationalInsights,workspaces/scopedPrivateLinkProxies,FALSE,FALSE
Microsoft.OperationsManagement,managementassociations,FALSE,FALSE
Microsoft.OperationsManagement,managementconfigurations,TRUE,TRUE
Microsoft.OperationsManagement,solutions,TRUE,TRUE
Microsoft.OperationsManagement,views,TRUE,TRUE
Microsoft.Peering,legacyPeerings,FALSE,FALSE
Microsoft.Peering,peerAsns,FALSE,FALSE
Microsoft.Peering,peerings,TRUE,TRUE
Microsoft.Peering,peeringServiceCountries,FALSE,FALSE
Microsoft.Peering,peeringServiceProviders,FALSE,FALSE
Microsoft.Peering,peeringServices,TRUE,TRUE
Microsoft.PolicyInsights,attestations,FALSE,FALSE
Microsoft.PolicyInsights,policyEvents,FALSE,FALSE
Microsoft.PolicyInsights,policyMetadata,FALSE,FALSE
Microsoft.PolicyInsights,policyStates,FALSE,FALSE
Microsoft.PolicyInsights,policyTrackedResources,FALSE,FALSE
Microsoft.PolicyInsights,remediations,FALSE,FALSE
Microsoft.Portal,consoles,FALSE,FALSE
Microsoft.Portal,dashboards,TRUE,TRUE
Microsoft.Portal,userSettings,FALSE,FALSE
Microsoft.PowerBI,privateLinkServicesForPowerBI,TRUE,TRUE
Microsoft.PowerBI,tenants,TRUE,TRUE
Microsoft.PowerBI,tenants/workspaces,FALSE,FALSE
Microsoft.PowerBI,workspaceCollections,TRUE,TRUE
Microsoft.PowerBIDedicated,capacities,TRUE,TRUE
Microsoft.ProjectBabylon,accounts,TRUE,TRUE
Microsoft.ProjectBabylon,deletedAccounts,FALSE,FALSE
Microsoft.ProviderHub,providerRegistrations,FALSE,FALSE
Microsoft.ProviderHub,providerRegistrations/defaultRollouts,FALSE,FALSE
Microsoft.ProviderHub,providerRegistrations/resourceTypeRegistrations,FALSE,FALSE
Microsoft.ProviderHub,rollouts,TRUE,TRUE
Microsoft.Quantum,Workspaces,TRUE,TRUE
Microsoft.RecoveryServices,backupProtectedItems,FALSE,FALSE
Microsoft.RecoveryServices,vaults,TRUE,TRUE
Microsoft.RedHatOpenShift,OpenShiftClusters,TRUE,TRUE
Microsoft.Relay,namespaces,TRUE,TRUE
Microsoft.Relay,namespaces/authorizationrules,FALSE,FALSE
Microsoft.Relay,namespaces/hybridconnections,FALSE,FALSE
Microsoft.Relay,namespaces/hybridconnections/authorizationrules,FALSE,FALSE
Microsoft.Relay,namespaces/privateEndpointConnections,FALSE,FALSE
Microsoft.Relay,namespaces/wcfrelays,FALSE,FALSE
Microsoft.Relay,namespaces/wcfrelays/authorizationrules,FALSE,FALSE
Microsoft.ResourceGraph,queries,TRUE,TRUE
Microsoft.ResourceGraph,resourceChangeDetails,FALSE,FALSE
Microsoft.ResourceGraph,resourceChanges,FALSE,FALSE
Microsoft.ResourceGraph,resources,FALSE,FALSE
Microsoft.ResourceGraph,resourcesHistory,FALSE,FALSE
Microsoft.ResourceGraph,subscriptionsStatus,FALSE,FALSE
Microsoft.ResourceHealth,availabilityStatuses,FALSE,FALSE
Microsoft.ResourceHealth,childAvailabilityStatuses,FALSE,FALSE
Microsoft.ResourceHealth,childResources,FALSE,FALSE
Microsoft.ResourceHealth,emergingissues,FALSE,FALSE
Microsoft.ResourceHealth,events,FALSE,FALSE
Microsoft.ResourceHealth,impactedResources,FALSE,FALSE
Microsoft.ResourceHealth,metadata,FALSE,FALSE
Microsoft.ResourceHealth,notifications,FALSE,FALSE
Microsoft.Resources,calculateTemplateHash,FALSE,FALSE
Microsoft.Resources,deployments,TRUE,FALSE
Microsoft.Resources,deployments/operations,FALSE,FALSE
Microsoft.Resources,deploymentScripts,TRUE,TRUE
Microsoft.Resources,deploymentScripts/logs,FALSE,FALSE
Microsoft.Resources,links,FALSE,FALSE
Microsoft.Resources,notifyResourceJobs,FALSE,FALSE
Microsoft.Resources,providers,FALSE,FALSE
Microsoft.Resources,resourceGroups,TRUE,FALSE
Microsoft.Resources,subscriptions,TRUE,FALSE
Microsoft.Resources,templateSpecs,TRUE,TRUE
Microsoft.Resources,templateSpecs/versions,TRUE,TRUE
Microsoft.Resources,tenants,FALSE,FALSE
Microsoft.SaaS,applications,TRUE,TRUE
Microsoft.SaaS,saasresources,FALSE,FALSE
Microsoft.ScVmm,clouds,TRUE,TRUE
Microsoft.ScVmm,VirtualMachines,TRUE,TRUE
Microsoft.ScVmm,VirtualMachineTemplates,TRUE,TRUE
Microsoft.ScVmm,VirtualNetworks,TRUE,TRUE
Microsoft.ScVmm,vmmservers,TRUE,TRUE
Microsoft.Search,resourceHealthMetadata,FALSE,FALSE
Microsoft.Search,searchServices,TRUE,TRUE
Microsoft.Security,adaptiveNetworkHardenings,FALSE,FALSE
Microsoft.Security,advancedThreatProtectionSettings,FALSE,FALSE
Microsoft.Security,alerts,FALSE,FALSE
Microsoft.Security,alertsSuppressionRules,FALSE,FALSE
Microsoft.Security,allowedConnections,FALSE,FALSE
Microsoft.Security,applicationWhitelistings,FALSE,FALSE
Microsoft.Security,assessmentMetadata,FALSE,FALSE
Microsoft.Security,assessments,FALSE,FALSE
Microsoft.Security,autoDismissAlertsRules,FALSE,FALSE
Microsoft.Security,automations,TRUE,TRUE
Microsoft.Security,AutoProvisioningSettings,FALSE,FALSE
Microsoft.Security,Compliances,FALSE,FALSE
Microsoft.Security,connectors,FALSE,FALSE
Microsoft.Security,dataCollectionAgents,FALSE,FALSE
Microsoft.Security,deviceSecurityGroups,FALSE,FALSE
Microsoft.Security,discoveredSecuritySolutions,FALSE,FALSE
Microsoft.Security,externalSecuritySolutions,FALSE,FALSE
Microsoft.Security,InformationProtectionPolicies,FALSE,FALSE
Microsoft.Security,iotDefenderSettings,FALSE,FALSE
Microsoft.Security,iotSecuritySolutions,TRUE,TRUE
Microsoft.Security,iotSecuritySolutions/analyticsModels,FALSE,FALSE
Microsoft.Security,iotSecuritySolutions/analyticsModels/aggregatedAlerts,FALSE,FALSE
Microsoft.Security,iotSecuritySolutions/analyticsModels/aggregatedRecommendations,FALSE,FALSE
Microsoft.Security,iotSecuritySolutions/iotAlerts,FALSE,FALSE
Microsoft.Security,iotSecuritySolutions/iotAlertTypes,FALSE,FALSE
Microsoft.Security,iotSecuritySolutions/iotRecommendations,FALSE,FALSE
Microsoft.Security,iotSecuritySolutions/iotRecommendationTypes,FALSE,FALSE
Microsoft.Security,iotSensors,FALSE,FALSE
Microsoft.Security,jitNetworkAccessPolicies,FALSE,FALSE
Microsoft.Security,jitPolicies,FALSE,FALSE
Microsoft.Security,policies,FALSE,FALSE
Microsoft.Security,pricings,FALSE,FALSE
Microsoft.Security,regulatoryComplianceStandards,FALSE,FALSE
Microsoft.Security,regulatoryComplianceStandards/regulatoryComplianceControls,FALSE,FALSE
Microsoft.Security,regulatoryComplianceStandards/regulatoryComplianceControls/regulatoryComplianceAssessments,FALSE,FALSE
Microsoft.Security,secureScoreControlDefinitions,FALSE,FALSE
Microsoft.Security,secureScoreControls,FALSE,FALSE
Microsoft.Security,secureScores,FALSE,FALSE
Microsoft.Security,secureScores/secureScoreControls,FALSE,FALSE
Microsoft.Security,securityContacts,FALSE,FALSE
Microsoft.Security,securitySolutions,FALSE,FALSE
Microsoft.Security,securitySolutionsReferenceData,FALSE,FALSE
Microsoft.Security,securityStatuses,FALSE,FALSE
Microsoft.Security,securityStatusesSummaries,FALSE,FALSE
Microsoft.Security,serverVulnerabilityAssessments,FALSE,FALSE
Microsoft.Security,settings,FALSE,FALSE
Microsoft.Security,sqlVulnerabilityAssessments,FALSE,FALSE
Microsoft.Security,subAssessments,FALSE,FALSE
Microsoft.Security,tasks,FALSE,FALSE
Microsoft.Security,topologies,FALSE,FALSE
Microsoft.Security,workspaceSettings,FALSE,FALSE
Microsoft.SecurityGraph,diagnosticSettings,FALSE,FALSE
Microsoft.SecurityGraph,diagnosticSettingsCategories,FALSE,FALSE
Microsoft.SecurityInsights,aggregations,FALSE,FALSE
Microsoft.SecurityInsights,alertRules,FALSE,FALSE
Microsoft.SecurityInsights,alertRuleTemplates,FALSE,FALSE
Microsoft.SecurityInsights,automationRules,FALSE,FALSE
Microsoft.SecurityInsights,bookmarks,FALSE,FALSE
Microsoft.SecurityInsights,cases,FALSE,FALSE
Microsoft.SecurityInsights,dataConnectors,FALSE,FALSE
Microsoft.SecurityInsights,dataConnectorsCheckRequirements,FALSE,FALSE
Microsoft.SecurityInsights,entities,FALSE,FALSE
Microsoft.SecurityInsights,entityQueries,FALSE,FALSE
Microsoft.SecurityInsights,incidents,FALSE,FALSE
Microsoft.SecurityInsights,officeConsents,FALSE,FALSE
Microsoft.SecurityInsights,settings,FALSE,FALSE
Microsoft.SecurityInsights,threatIntelligence,FALSE,FALSE
Microsoft.SecurityInsights,watchlists,FALSE,FALSE
Microsoft.SerialConsole,consoleServices,FALSE,FALSE
Microsoft.ServiceBus,namespaces,TRUE,TRUE
Microsoft.ServiceBus,namespaces/authorizationrules,FALSE,FALSE
Microsoft.ServiceBus,namespaces/disasterrecoveryconfigs,FALSE,FALSE
Microsoft.ServiceBus,namespaces/eventgridfilters,FALSE,FALSE
Microsoft.ServiceBus,namespaces/networkrulesets,FALSE,FALSE
Microsoft.ServiceBus,namespaces/privateEndpointConnections,FALSE,FALSE
Microsoft.ServiceBus,namespaces/queues,FALSE,FALSE
Microsoft.ServiceBus,namespaces/queues/authorizationrules,FALSE,FALSE
Microsoft.ServiceBus,namespaces/topics,FALSE,FALSE
Microsoft.ServiceBus,namespaces/topics/authorizationrules,FALSE,FALSE
Microsoft.ServiceBus,namespaces/topics/subscriptions,FALSE,FALSE
Microsoft.ServiceBus,namespaces/topics/subscriptions/rules,FALSE,FALSE
Microsoft.ServiceBus,premiumMessagingRegions,FALSE,FALSE
Microsoft.ServiceFabric,applications,TRUE,TRUE
Microsoft.ServiceFabric,clusters,TRUE,TRUE
Microsoft.ServiceFabric,clusters/applications,FALSE,FALSE
Microsoft.ServiceFabric,containerGroups,TRUE,TRUE
Microsoft.ServiceFabric,containerGroupSets,TRUE,TRUE
Microsoft.ServiceFabric,edgeclusters,TRUE,TRUE
Microsoft.ServiceFabric,edgeclusters/applications,FALSE,FALSE
Microsoft.ServiceFabric,managedclusters,TRUE,TRUE
Microsoft.ServiceFabric,managedclusters/nodetypes,FALSE,FALSE
Microsoft.ServiceFabric,networks,TRUE,TRUE
Microsoft.ServiceFabric,secretstores,TRUE,TRUE
Microsoft.ServiceFabric,secretstores/certificates,FALSE,FALSE
Microsoft.ServiceFabric,secretstores/secrets,FALSE,FALSE
Microsoft.ServiceFabric,volumes,TRUE,TRUE
Microsoft.ServiceFabricMesh,applications,TRUE,TRUE
Microsoft.ServiceFabricMesh,containerGroups,TRUE,TRUE
Microsoft.ServiceFabricMesh,gateways,TRUE,TRUE
Microsoft.ServiceFabricMesh,networks,TRUE,TRUE
Microsoft.ServiceFabricMesh,secrets,TRUE,TRUE
Microsoft.ServiceFabricMesh,volumes,TRUE,TRUE
Microsoft.Services,providerRegistrations,FALSE,FALSE
Microsoft.Services,providerRegistrations/resourceTypeRegistrations,FALSE,FALSE
Microsoft.Services,rollouts,TRUE,TRUE
Microsoft.SignalRService,SignalR,TRUE,TRUE
Microsoft.SignalRService,SignalR/eventGridFilters,FALSE,FALSE
Microsoft.SoftwarePlan,hybridUseBenefits,FALSE,FALSE
Microsoft.Solutions,applicationDefinitions,TRUE,TRUE
Microsoft.Solutions,applications,TRUE,TRUE
Microsoft.Solutions,jitRequests,TRUE,TRUE
Microsoft.SQL,managedInstances,TRUE,TRUE
Microsoft.SQL,managedInstances/databases,TRUE,TRUE
Microsoft.SQL,managedInstances/databases/backupShortTermRetentionPolicies,FALSE,FALSE
Microsoft.SQL,managedInstances/databases/schemas/tables/columns/sensitivityLabels,FALSE,FALSE
Microsoft.SQL,managedInstances/databases/vulnerabilityAssessments,FALSE,FALSE
Microsoft.SQL,managedInstances/databases/vulnerabilityAssessments/rules/baselines,FALSE,FALSE
Microsoft.SQL,managedInstances/encryptionProtector,FALSE,FALSE
Microsoft.SQL,managedInstances/keys,FALSE,FALSE
Microsoft.SQL,managedInstances/restorableDroppedDatabases/backupShortTermRetentionPolicies,FALSE,FALSE
Microsoft.SQL,managedInstances/vulnerabilityAssessments,FALSE,FALSE
Microsoft.SQL,servers,TRUE,TRUE
Microsoft.SQL,servers/administrators,FALSE,FALSE
Microsoft.SQL,servers/communicationLinks,FALSE,FALSE
Microsoft.SQL,servers/databases,TRUE,TRUE
Microsoft.SQL,servers/encryptionProtector,FALSE,FALSE
Microsoft.SQL,servers/firewallRules,FALSE,FALSE
Microsoft.SQL,servers/keys,FALSE,FALSE
Microsoft.SQL,servers/restorableDroppedDatabases,FALSE,FALSE
Microsoft.SQL,servers/serviceobjectives,FALSE,FALSE
Microsoft.SQL,servers/tdeCertificates,FALSE,FALSE
Microsoft.SQL,virtualClusters,FALSE,FALSE
Microsoft.SqlVirtualMachine,SqlVirtualMachineGroups,TRUE,TRUE
Microsoft.SqlVirtualMachine,SqlVirtualMachineGroups/AvailabilityGroupListeners,FALSE,FALSE
Microsoft.SqlVirtualMachine,SqlVirtualMachines,TRUE,TRUE
Microsoft.Storage,deletedAccounts,FALSE,FALSE
Microsoft.Storage,storageAccounts,TRUE,TRUE
Microsoft.Storage,storageAccounts/blobServices,FALSE,FALSE
Microsoft.Storage,storageAccounts/fileServices,FALSE,FALSE
Microsoft.Storage,storageAccounts/queueServices,FALSE,FALSE
Microsoft.Storage,storageAccounts/services,FALSE,FALSE
Microsoft.Storage,storageAccounts/services/metricDefinitions,FALSE,FALSE
Microsoft.Storage,storageAccounts/tableServices,FALSE,FALSE
Microsoft.Storage,usages,FALSE,FALSE
Microsoft.StorageCache,caches,TRUE,TRUE
Microsoft.StorageCache,caches/storageTargets,FALSE,FALSE
Microsoft.StorageCache,usageModels,FALSE,FALSE
Microsoft.StorageReplication,replicationGroups,FALSE,FALSE
Microsoft.StorageSync,storageSyncServices,TRUE,TRUE
Microsoft.StorageSync,storageSyncServices/registeredServers,FALSE,FALSE
Microsoft.StorageSync,storageSyncServices/syncGroups,FALSE,FALSE
Microsoft.StorageSync,storageSyncServices/syncGroups/cloudEndpoints,FALSE,FALSE
Microsoft.StorageSync,storageSyncServices/syncGroups/serverEndpoints,FALSE,FALSE
Microsoft.StorageSync,storageSyncServices/workflows,FALSE,FALSE
Microsoft.StorageSyncDev,storageSyncServices,TRUE,TRUE
Microsoft.StorageSyncDev,storageSyncServices/registeredServers,FALSE,FALSE
Microsoft.StorageSyncDev,storageSyncServices/syncGroups,FALSE,FALSE
Microsoft.StorageSyncDev,storageSyncServices/syncGroups/cloudEndpoints,FALSE,FALSE
Microsoft.StorageSyncDev,storageSyncServices/syncGroups/serverEndpoints,FALSE,FALSE
Microsoft.StorageSyncDev,storageSyncServices/workflows,FALSE,FALSE
Microsoft.StorageSyncInt,storageSyncServices,TRUE,TRUE
Microsoft.StorageSyncInt,storageSyncServices/registeredServers,FALSE,FALSE
Microsoft.StorageSyncInt,storageSyncServices/syncGroups,FALSE,FALSE
Microsoft.StorageSyncInt,storageSyncServices/syncGroups/cloudEndpoints,FALSE,FALSE
Microsoft.StorageSyncInt,storageSyncServices/syncGroups/serverEndpoints,FALSE,FALSE
Microsoft.StorageSyncInt,storageSyncServices/workflows,FALSE,FALSE
Microsoft.StorSimple,managers,TRUE,TRUE
Microsoft.StreamAnalytics,clusters,TRUE,TRUE
Microsoft.StreamAnalytics,streamingjobs,TRUE,TRUE
Microsoft.Subscription,acceptChangeTenant,FALSE,FALSE
Microsoft.Subscription,aliases,FALSE,FALSE
Microsoft.Subscription,cancel,FALSE,FALSE
Microsoft.Subscription,changeTenantRequest,FALSE,FALSE
Microsoft.Subscription,changeTenantStatus,FALSE,FALSE
Microsoft.Subscription,CreateSubscription,FALSE,FALSE
Microsoft.Subscription,enable,FALSE,FALSE
Microsoft.Subscription,rename,FALSE,FALSE
Microsoft.Subscription,SubscriptionDefinitions,FALSE,FALSE
Microsoft.Subscription,SubscriptionOperations,FALSE,FALSE
Microsoft.Subscription,subscriptions,FALSE,FALSE
Microsoft.Synapse,privateLinkHubs,TRUE,TRUE
Microsoft.Synapse,workspaces,TRUE,TRUE
Microsoft.Synapse,workspaces/bigDataPools,TRUE,TRUE
Microsoft.Synapse,workspaces/operationStatuses,FALSE,FALSE
Microsoft.Synapse,workspaces/sqlDatabases,TRUE,TRUE
Microsoft.Synapse,workspaces/sqlPools,TRUE,TRUE
Microsoft.TimeSeriesInsights,environments,TRUE,FALSE
Microsoft.TimeSeriesInsights,environments/accessPolicies,FALSE,FALSE
Microsoft.TimeSeriesInsights,environments/eventsources,TRUE,FALSE
Microsoft.TimeSeriesInsights,environments/referenceDataSets,TRUE,FALSE
Microsoft.Token,stores,TRUE,TRUE
Microsoft.Token,stores/accessPolicies,FALSE,FALSE
Microsoft.Token,stores/services,FALSE,FALSE
Microsoft.Token,stores/services/tokens,FALSE,FALSE
Microsoft.VirtualMachineImages,imageTemplates,TRUE,TRUE
Microsoft.VirtualMachineImages,imageTemplates/runOutputs,FALSE,FALSE
Microsoft.VMware,ArcZones,TRUE,TRUE
Microsoft.VMware,ResourcePools,TRUE,TRUE
Microsoft.VMware,VCenters,TRUE,TRUE
Microsoft.VMware,VirtualMachines,TRUE,TRUE
Microsoft.VMware,VirtualMachineTemplates,TRUE,TRUE
Microsoft.VMware,VirtualNetworks,TRUE,TRUE
Microsoft.VMwareCloudSimple,dedicatedCloudNodes,TRUE,TRUE
Microsoft.VMwareCloudSimple,dedicatedCloudServices,TRUE,TRUE
Microsoft.VMwareCloudSimple,virtualMachines,TRUE,TRUE
Microsoft.VnfManager,devices,TRUE,TRUE
Microsoft.VnfManager,registeredSubscriptions,FALSE,FALSE
Microsoft.VnfManager,vendors,FALSE,FALSE
Microsoft.VnfManager,vendors/skus,FALSE,FALSE
Microsoft.VnfManager,vendors/vnfs,FALSE,FALSE
Microsoft.VnfManager,virtualNetworkFunctionSkus,FALSE,FALSE
Microsoft.VnfManager,vnfs,TRUE,TRUE
Microsoft.VSOnline,accounts,TRUE,TRUE
Microsoft.VSOnline,plans,TRUE,TRUE
Microsoft.VSOnline,registeredSubscriptions,FALSE,FALSE
Microsoft.Web,apiManagementAccounts,FALSE,FALSE
Microsoft.Web,apiManagementAccounts/apiAcls,FALSE,FALSE
Microsoft.Web,apiManagementAccounts/apis,FALSE,FALSE
Microsoft.Web,apiManagementAccounts/apis/apiAcls,FALSE,FALSE
Microsoft.Web,apiManagementAccounts/apis/connectionAcls,FALSE,FALSE
Microsoft.Web,apiManagementAccounts/apis/connections,FALSE,FALSE
Microsoft.Web,apiManagementAccounts/apis/connections/connectionAcls,FALSE,FALSE
Microsoft.Web,apiManagementAccounts/apis/localizedDefinitions,FALSE,FALSE
Microsoft.Web,apiManagementAccounts/connectionAcls,FALSE,FALSE
Microsoft.Web,apiManagementAccounts/connections,FALSE,FALSE
Microsoft.Web,billingMeters,FALSE,FALSE
Microsoft.Web,certificates,TRUE,TRUE
Microsoft.Web,connectionGateways,TRUE,TRUE
Microsoft.Web,connections,TRUE,TRUE
Microsoft.Web,customApis,TRUE,TRUE
Microsoft.Web,deletedSites,FALSE,FALSE
Microsoft.Web,hostingEnvironments,TRUE,TRUE
Microsoft.Web,hostingEnvironments/eventGridFilters,FALSE,FALSE
Microsoft.Web,hostingEnvironments/multiRolePools,FALSE,FALSE
Microsoft.Web,hostingEnvironments/workerPools,FALSE,FALSE
Microsoft.Web,kubeEnvironments,TRUE,TRUE
Microsoft.Web,publishingUsers,FALSE,FALSE
Microsoft.Web,recommendations,FALSE,FALSE
Microsoft.Web,resourceHealthMetadata,FALSE,FALSE
Microsoft.Web,runtimes,FALSE,FALSE
Microsoft.Web,serverFarms,TRUE,TRUE
Microsoft.Web,serverFarms/eventGridFilters,FALSE,FALSE
Microsoft.Web,sites,TRUE,TRUE
Microsoft.Web,sites/config,FALSE,FALSE
Microsoft.Web,sites/eventGridFilters,FALSE,FALSE
Microsoft.Web,sites/hostNameBindings,FALSE,FALSE
Microsoft.Web,sites/networkConfig,FALSE,FALSE
Microsoft.Web,sites/premieraddons,TRUE,TRUE
Microsoft.Web,sites/slots,TRUE,TRUE
Microsoft.Web,sites/slots/eventGridFilters,FALSE,FALSE
Microsoft.Web,sites/slots/hostNameBindings,FALSE,FALSE
Microsoft.Web,sites/slots/networkConfig,FALSE,FALSE
Microsoft.Web,sourceControls,FALSE,FALSE
Microsoft.Web,staticSites,TRUE,TRUE
Microsoft.Web,validate,FALSE,FALSE
Microsoft.Web,verifyHostingEnvironmentVnet,FALSE,FALSE
Microsoft.WindowsDefenderATP,diagnosticSettings,FALSE,FALSE
Microsoft.WindowsDefenderATP,diagnosticSettingsCategories,FALSE,FALSE
Microsoft.WindowsESU,multipleActivationKeys,TRUE,TRUE
Microsoft.WindowsIoT,DeviceServices,TRUE,TRUE
Microsoft.WorkloadBuilder,workloads,TRUE,TRUE
Microsoft.WorkloadBuilder,workloads/instances,FALSE,FALSE
Microsoft.WorkloadBuilder,workloads/versions,FALSE,FALSE
Microsoft.WorkloadBuilder,workloads/versions/artifacts,FALSE,FALSE
Microsoft.WorkloadMonitor,components,FALSE,FALSE
Microsoft.WorkloadMonitor,componentsSummary,FALSE,FALSE
Microsoft.WorkloadMonitor,monitorInstances,FALSE,FALSE
Microsoft.WorkloadMonitor,monitorInstancesSummary,FALSE,FALSE
Microsoft.WorkloadMonitor,monitors,FALSE,FALSE
Microsoft.WorkloadMonitor,notificationSettings,FALSE,FALSE
